"from","to","reply_uri","parent_uri","created_at"
"did:plc:5vmtthhzfl73ym2nam6ckvv3","did:plc:ca7mpbgccma5ozmu2wh42pnz","at://did:plc:5vmtthhzfl73ym2nam6ckvv3/app.bsky.feed.post/3mwfm2xdops2m","at://did:plc:ca7mpbgccma5ozmu2wh42pnz/app.bsky.feed.post/3mwfkocjp7c2v","2026-09-26T05:57:25.218Z"
"did:plc:kwd3olfyx7otticrdi6u54f3","did:plc:ehmvzoyc52jyfoynjy2vu7u4","at://did:plc:kwd3olfyx7otticrdi6u54f3/app.bsky.feed.post/3mwfl72udck27","at://did:plc:ehmvzoyc52jyfoynjy2vu7u4/app.bsky.feed.post/3mwfeuzap7s2r","2026-09-26T05:41:49.385Z"
"did:plc:6wbuez5fdmke5mbvasgza7k6","did:plc:3prmhuhkn47z7c4cuhxwwwzf","at://did:plc:6wbuez5fdmke5mbvasgza7k6/app.bsky.feed.post/3mwfk2uun3c2e","at://did:plc:3prmhuhkn47z7c4cuhxwwwzf/app.bsky.feed.post/3mwes5ine2s2s","2026-09-26T05:21:35.146Z"
"did:plc:qteqxjfjmtxkg3uxqoitqgrm","did:plc:2w45zyhuklwihpdc7oj3mi63","at://did:plc:qteqxjfjmtxkg3uxqoitqgrm/app.bsky.feed.post/3mwfirseq5s2r","at://did:plc:2w45zyhuklwihpdc7oj3mi63/app.bsky.feed.post/3mwei6fkeje2i","2026-09-26T04:58:36.796Z"
"did:plc:iicfwrqhdulxk4s6gqu6ytm7","did:plc:czjt3ibnudi7s2skpu3geam5","at://did:plc:iicfwrqhdulxk4s6gqu6ytm7/app.bsky.feed.post/3mwfh3n3nds2u","at://did:plc:czjt3ibnudi7s2skpu3geam5/app.bsky.feed.post/3mwexbkg4mk2d","2026-09-26T04:28:19.316Z"
"did:plc:yw6rtd44qq4m3cv4fpajj3xw","did:plc:6rxbzqev2t2jy2wcitfbyjqr","at://did:plc:yw6rtd44qq4m3cv4fpajj3xw/app.bsky.feed.post/3mwfgvi2ctk2l","at://did:plc:6rxbzqev2t2jy2wcitfbyjqr/app.bsky.feed.post/3mwehw7zqyc2z","2026-09-26T04:24:52.702Z"
"did:plc:f4rjexjtnxubk6zkzslbrzxa","did:plc:urrjvjmc7sowchg3ph322pbr","at://did:plc:f4rjexjtnxubk6zkzslbrzxa/app.bsky.feed.post/3mwffoydv4k2q","at://did:plc:urrjvjmc7sowchg3ph322pbr/app.bsky.feed.post/3mwewxngprg2f","2026-09-26T04:03:21.170Z"
"did:plc:x2nmgyxjqnv7zjsi2mr6uuul","did:plc:4u3hwe3p7oy3hoy3amlw7rp2","at://did:plc:x2nmgyxjqnv7zjsi2mr6uuul/app.bsky.feed.post/3mwff4rmvyk2f","at://did:plc:4u3hwe3p7oy3hoy3amlw7rp2/app.bsky.feed.post/3mwekqklj7e2u","2026-09-26T03:53:10.146Z"
"did:plc:5lfgdslvkgl6swnj36dosno7","did:plc:eu7itbmnrpzjlcom5zxme3ko","at://did:plc:5lfgdslvkgl6swnj36dosno7/app.bsky.feed.post/3mwff243lbc24","at://did:plc:eu7itbmnrpzjlcom5zxme3ko/app.bsky.feed.post/3mwfesxowcs2k","2026-09-26T03:51:40.450Z"
"did:plc:cbpvmd3k57wer5kbjqdxn3nq","did:plc:vovinwhtulbsx4mwfw26r5ni","at://did:plc:cbpvmd3k57wer5kbjqdxn3nq/app.bsky.feed.post/3mwfeh4tmys2d","at://did:plc:vovinwhtulbsx4mwfw26r5ni/app.bsky.feed.post/3mweuufsev225","2026-09-26T03:41:03.702Z"
"did:plc:yquauhwflfx2bt42amhodx6v","did:plc:qxudeqrdbv6676vzjssrhllo","at://did:plc:yquauhwflfx2bt42amhodx6v/app.bsky.feed.post/3mwfcvywfe22x","at://did:plc:qxudeqrdbv6676vzjssrhllo/app.bsky.feed.post/3mwe4rkfigs22","2026-09-26T03:13:35.431Z"
"did:plc:gx6vtpsfpfkej6hmh66m7frd","did:plc:qxudeqrdbv6676vzjssrhllo","at://did:plc:gx6vtpsfpfkej6hmh66m7frd/app.bsky.feed.post/3mwfckl2kxk2f","at://did:plc:qxudeqrdbv6676vzjssrhllo/app.bsky.feed.post/3mwe4rkfigs22","2026-09-26T03:07:11.790Z"
"did:plc:lozmph3nfogiyoi23m4qrxus","did:plc:bg3dwca3qw46jqn2jxb52g2g","at://did:plc:lozmph3nfogiyoi23m4qrxus/app.bsky.feed.post/3mwfaubk2622x","at://did:plc:bg3dwca3qw46jqn2jxb52g2g/app.bsky.feed.post/3mwfaom6kas27","2026-09-26T02:36:49.873Z"
"did:plc:mli5ffhoj5elsts7w236y5sn","did:plc:qxddxevtvd6ow6zttzo32rct","at://did:plc:mli5ffhoj5elsts7w236y5sn/app.bsky.feed.post/3mwfassocxc23","at://did:plc:qxddxevtvd6ow6zttzo32rct/app.bsky.feed.post/3mwf5o7fb2k26","2026-09-26T02:36:00.730Z"
"did:plc:22qknl7an723rt2kjsbola7u","did:plc:ohrghfm2tnjqyyxjh5y3224n","at://did:plc:22qknl7an723rt2kjsbola7u/app.bsky.feed.post/3mwfa2gu3sc22","at://did:plc:ohrghfm2tnjqyyxjh5y3224n/app.bsky.feed.post/3mwf2zyhbt22v","2026-09-26T02:22:23.030Z"
"did:plc:vyjippuuhxmb6xkpcgys67c5","did:plc:qxudeqrdbv6676vzjssrhllo","at://did:plc:vyjippuuhxmb6xkpcgys67c5/app.bsky.feed.post/3mwf7mobrcs27","at://did:plc:qxudeqrdbv6676vzjssrhllo/app.bsky.feed.post/3mwe4rkfigs22","2026-09-26T02:14:41.055Z"
"did:plc:52aq4ct7ynughy6uk4qyke6f","did:plc:4llrhdclvdlmmynkwsmg5tdc","at://did:plc:52aq4ct7ynughy6uk4qyke6f/app.bsky.feed.post/3mwf7duqgic2h","at://did:plc:4llrhdclvdlmmynkwsmg5tdc/app.bsky.feed.post/3mwdzhw7g6w2b","2026-09-26T02:09:45.837Z"
"did:plc:zvbhd66gjci62kxtzd3eh2v4","did:plc:6eyrbzrti6yyqkilw65hv3ok","at://did:plc:zvbhd66gjci62kxtzd3eh2v4/app.bsky.feed.post/3mwf77zhafc2f","at://did:plc:6eyrbzrti6yyqkilw65hv3ok/app.bsky.feed.post/3mwf6ylese22m","2026-09-26T02:07:36.562Z"
"did:plc:hptsk6htmqasn4kzx7klibip","did:plc:q2ir5ytk5gt5smdc6sodglxd","at://did:plc:hptsk6htmqasn4kzx7klibip/app.bsky.feed.post/3mwf6vf77fk2j","at://did:plc:q2ir5ytk5gt5smdc6sodglxd/app.bsky.feed.post/3mwezwn4lik2u","2026-09-26T02:01:39.782Z"
"did:plc:hptsk6htmqasn4kzx7klibip","did:plc:bamk3vfncdwawvmdkq4um2fw","at://did:plc:hptsk6htmqasn4kzx7klibip/app.bsky.feed.post/3mwf6u2peqs2j","at://did:plc:bamk3vfncdwawvmdkq4um2fw/app.bsky.feed.post/3mwf3ppeuec2s","2026-09-26T02:00:55.222Z"
"did:plc:yumwqqqcmimdjuy7npelf2jr","did:plc:qxudeqrdbv6676vzjssrhllo","at://did:plc:yumwqqqcmimdjuy7npelf2jr/app.bsky.feed.post/3mwf6jsmiv22o","at://did:plc:qxudeqrdbv6676vzjssrhllo/app.bsky.feed.post/3mwe4rkfigs22","2026-09-26T01:55:11.196Z"
"did:plc:pis2pbkxmm4n3si3w4vbvirz","did:plc:sk6jryjhuavqchpa53jlcsyu","at://did:plc:pis2pbkxmm4n3si3w4vbvirz/app.bsky.feed.post/3mwf6dki2is2e","at://did:plc:sk6jryjhuavqchpa53jlcsyu/app.bsky.feed.post/3mwf5m3p5ms22","2026-09-26T01:51:41.335Z"
"did:plc:qehotpax7in45htleeliolds","did:plc:ubbybxfh6if3ocvteampfxpv","at://did:plc:qehotpax7in45htleeliolds/app.bsky.feed.post/3mwf6chjgm22v","at://did:plc:ubbybxfh6if3ocvteampfxpv/app.bsky.feed.post/3mwerxqqnjc2u","2026-09-26T01:51:04.681Z"
"did:plc:yicaavjke52kvmije5o3qumu","did:plc:k5nskatzhyxersjilvtnz4lh","at://did:plc:yicaavjke52kvmije5o3qumu/app.bsky.feed.post/3mwf5t32t7k2k","at://did:plc:k5nskatzhyxersjilvtnz4lh/app.bsky.feed.post/3mwf5r5tkii2k","2026-09-26T01:42:28.303Z"
"did:plc:dj6oxdmirq34ui6zqrvob53r","did:plc:gwtci6b4lmze7i4g7a67n6zc","at://did:plc:dj6oxdmirq34ui6zqrvob53r/app.bsky.feed.post/3mwf5gkv7w22b","at://did:plc:gwtci6b4lmze7i4g7a67n6zc/app.bsky.feed.post/3mweufgyuux2r","2026-09-26T01:35:28.689Z"
"did:plc:2wmyo7m47aza2yojqjjrtvbe","did:plc:nyjm4ylfid2a7mjm6varxuiq","at://did:plc:2wmyo7m47aza2yojqjjrtvbe/app.bsky.feed.post/3mwf4km3jls2v","at://did:plc:nyjm4ylfid2a7mjm6varxuiq/app.bsky.feed.post/3mwenvwpi4k2u","2026-09-26T01:19:50.417Z"
"did:plc:6dbdbvkx6wmmaib2sk4ll22s","did:plc:fcfedums2jv4jfzvqogatc7i","at://did:plc:6dbdbvkx6wmmaib2sk4ll22s/app.bsky.feed.post/3mwf4e4iu622o","at://did:plc:fcfedums2jv4jfzvqogatc7i/app.bsky.feed.post/3mwevkuxibs2u","2026-09-26T01:16:12.752Z"
"did:plc:s5qrnmbssyaemtyx6h6236yk","did:plc:yiv7qnem6bg5mt464feihy2n","at://did:plc:s5qrnmbssyaemtyx6h6236yk/app.bsky.feed.post/3mwff4x2kn22k","at://did:plc:yiv7qnem6bg5mt464feihy2n/app.bsky.feed.post/3mwff3cknsc2p","2026-09-26T03:53:15.836Z"
"did:plc:o6ib2fginsufaplmi2omb2zv","did:plc:vovinwhtulbsx4mwfw26r5ni","at://did:plc:o6ib2fginsufaplmi2omb2zv/app.bsky.feed.post/3mwf7upd4as2w","at://did:plc:vovinwhtulbsx4mwfw26r5ni/app.bsky.feed.post/3mweuufsev225","2026-09-26T02:19:10.578Z"
"did:plc:amnhdrsyqrmpomj6qdzc3ved","did:plc:wki7fu2qr3l5md52ej25gjjh","at://did:plc:amnhdrsyqrmpomj6qdzc3ved/app.bsky.feed.post/3mwf6xra5fcj2","at://did:plc:wki7fu2qr3l5md52ej25gjjh/app.bsky.feed.post/3mweuwzth27m2","2026-09-26T02:02:53.000Z"
"did:plc:kwiypi24jk74eqizabvi3cwd","did:plc:7djilxz5hxic4aptmhiqm7cj","at://did:plc:kwiypi24jk74eqizabvi3cwd/app.bsky.feed.post/3mwf2zpwegc23","at://did:plc:7djilxz5hxic4aptmhiqm7cj/app.bsky.feed.post/3mwf2nuf4xk2v","2026-09-26T00:52:30.273Z"
"did:plc:s5qrnmbssyaemtyx6h6236yk","did:plc:2kpgkv4xcyduvylimyapgcj7","at://did:plc:s5qrnmbssyaemtyx6h6236yk/app.bsky.feed.post/3mwewhdhmq22e","at://did:plc:2kpgkv4xcyduvylimyapgcj7/app.bsky.feed.post/3mwevvta42s2n","2026-09-25T23:30:38.265Z"
"did:plc:dpwpritm3tmba7pyf4r6uqlf","did:plc:opq5phhuquxppobexcp2cm4y","at://did:plc:dpwpritm3tmba7pyf4r6uqlf/app.bsky.feed.post/3mwetwsjn3q2w","at://did:plc:opq5phhuquxppobexcp2cm4y/app.bsky.feed.post/3mwep5mrujs2j","2026-09-25T22:45:36.013Z"
"did:plc:vwmwu76t2uagqwcmxf5fwidj","did:plc:uc5o3uwhggmtyzrikttgm6z3","at://did:plc:vwmwu76t2uagqwcmxf5fwidj/app.bsky.feed.post/3mwepq2nkak2l","at://did:plc:uc5o3uwhggmtyzrikttgm6z3/app.bsky.feed.post/3mwepah7gj22s","2026-09-25T21:30:14.819Z"
"did:plc:uxp47xg3bjtbyppf6vnmdfbo","did:plc:dua3kl42nv2ggmpiqwzvoqlx","at://did:plc:uxp47xg3bjtbyppf6vnmdfbo/app.bsky.feed.post/3mwekhdlvdk2f","at://did:plc:dua3kl42nv2ggmpiqwzvoqlx/app.bsky.feed.post/3mwek6ujwwk2w","2026-09-25T19:55:53.503Z"
"did:plc:6kse464v2q2tvtmdt7rum7fo","did:plc:w4ffuc5kesc6byiedumxttez","at://did:plc:6kse464v2q2tvtmdt7rum7fo/app.bsky.feed.post/3mwejqxp3ck2q","at://did:plc:w4ffuc5kesc6byiedumxttez/app.bsky.feed.post/3mweisvago22k","2026-09-25T19:43:22.827Z"
"did:plc:6kse464v2q2tvtmdt7rum7fo","did:plc:6rxbzqev2t2jy2wcitfbyjqr","at://did:plc:6kse464v2q2tvtmdt7rum7fo/app.bsky.feed.post/3mwejkxdonk2q","at://did:plc:6rxbzqev2t2jy2wcitfbyjqr/app.bsky.feed.post/3mwehw7zqyc2z","2026-09-25T19:40:01.105Z"
"did:plc:sc3l2vtdhs6qbsoiyica7gka","did:plc:wgn3vr7tz23up3n7wtlbncz6","at://did:plc:sc3l2vtdhs6qbsoiyica7gka/app.bsky.feed.post/3mwehqe5t5k2x","at://did:plc:wgn3vr7tz23up3n7wtlbncz6/app.bsky.feed.post/3mwehgolpzs22","2026-09-25T19:07:14.825Z"
"did:plc:nweoznzqqqgkvkhw4zair7fb","did:plc:4llrhdclvdlmmynkwsmg5tdc","at://did:plc:nweoznzqqqgkvkhw4zair7fb/app.bsky.feed.post/3mwehghgh4k2x","at://did:plc:4llrhdclvdlmmynkwsmg5tdc/app.bsky.feed.post/3mwe6vwjru222","2026-09-25T19:01:42.738Z"
"did:plc:4vwkjmijpwzoqulerctaqphs","did:plc:ifnxpomraswgy6t34nrwqqgd","at://did:plc:4vwkjmijpwzoqulerctaqphs/app.bsky.feed.post/3mwec6hcgrk2w","at://did:plc:ifnxpomraswgy6t34nrwqqgd/app.bsky.feed.post/3mwcyxkxiok2q","2026-09-25T17:27:45.462Z"
"did:plc:46wu46w4ulphkjeie5bvpd7t","did:plc:4pgbd43dq7bjxgiguziumdqc","at://did:plc:46wu46w4ulphkjeie5bvpd7t/app.bsky.feed.post/3mwebvpvzys2v","at://did:plc:4pgbd43dq7bjxgiguziumdqc/app.bsky.feed.post/3mwe5zktals2o","2026-09-25T17:22:52.502Z"
"did:plc:uxp47xg3bjtbyppf6vnmdfbo","did:plc:dua3kl42nv2ggmpiqwzvoqlx","at://did:plc:uxp47xg3bjtbyppf6vnmdfbo/app.bsky.feed.post/3mwe6tmsvi22f","at://did:plc:dua3kl42nv2ggmpiqwzvoqlx/app.bsky.feed.post/3mwdwclnm2k2w","2026-09-25T16:28:00.920Z"
"did:plc:4og7kniw7pmfnlx6pjfd2sxv","did:plc:ovvxxktnggqglkkwfxdpscf2","at://did:plc:4og7kniw7pmfnlx6pjfd2sxv/app.bsky.feed.post/3mwe53dl2uk2z","at://did:plc:ovvxxktnggqglkkwfxdpscf2/app.bsky.feed.post/3mwe2qj4e4c2c","2026-09-25T15:56:32.176Z"
"did:plc:c7a4sekhlsfotoftcixtvxsn","did:plc:bu5r2jciq5jov554ii6il7r4","at://did:plc:c7a4sekhlsfotoftcixtvxsn/app.bsky.feed.post/3mwe4tlerkc2v","at://did:plc:bu5r2jciq5jov554ii6il7r4/app.bsky.feed.post/3mwdycg7zpk2i","2026-09-25T15:52:11.926Z"
"did:plc:23mhm63ih7mb4lmxjkkpnohf","did:plc:bxhvzauchaj3lywujhmlzwus","at://did:plc:23mhm63ih7mb4lmxjkkpnohf/app.bsky.feed.post/3mwe4szgz7222","at://did:plc:bxhvzauchaj3lywujhmlzwus/app.bsky.feed.post/3mwe4dey2ok2z","2026-09-25T15:51:53.125Z"
"did:plc:beqfmic6slbh6xp6ol5poguu","did:plc:r2bjwiwlhmo26hh2sz27fqf3","at://did:plc:beqfmic6slbh6xp6ol5poguu/app.bsky.feed.post/3mwe4jpvrj22f","at://did:plc:r2bjwiwlhmo26hh2sz27fqf3/app.bsky.feed.post/3mwe46vbw2k2e","2026-09-25T15:46:41.133Z"
"did:plc:fme3ybtqgr6xiidzcpldg37q","did:plc:idhkouai2l4qzihu2j37idgd","at://did:plc:fme3ybtqgr6xiidzcpldg37q/app.bsky.feed.post/3mwe444ql2s2x","at://did:plc:idhkouai2l4qzihu2j37idgd/app.bsky.feed.post/3mwe3wpnyos2w","2026-09-25T15:39:04.832Z"
"did:plc:qutxerevidwlzend6nfzix4y","did:plc:6zq72tchgzxigxat34bhruh7","at://did:plc:qutxerevidwlzend6nfzix4y/app.bsky.feed.post/3mwdzy5uuks2i","at://did:plc:6zq72tchgzxigxat34bhruh7/app.bsky.feed.post/3mwdzvz57vc2s","2026-09-25T15:01:04.320Z"
"did:plc:kfwyi6bek4mmxekk46azzcn3","did:plc:57vlzz2egy6eqr4nksacmbht","at://did:plc:kfwyi6bek4mmxekk46azzcn3/app.bsky.feed.post/3mwdz6w5cik2r","at://did:plc:57vlzz2egy6eqr4nksacmbht/app.bsky.feed.post/3mwdybydcbc2a","2026-09-25T14:46:57.347Z"
"did:plc:bqqmoom6eiznml3kcln47ftd","did:plc:d5kuwqnbeknmdzvnzly553qt","at://did:plc:bqqmoom6eiznml3kcln47ftd/app.bsky.feed.post/3mwdyfnl5tk2f","at://did:plc:d5kuwqnbeknmdzvnzly553qt/app.bsky.feed.post/3mwdy2olrk22u","2026-09-25T14:32:49.502Z"
"did:plc:4d47zbcgiidl4gblmkzykbzl","did:plc:lq645sqyk5eskt3445bsjd7s","at://did:plc:4d47zbcgiidl4gblmkzykbzl/app.bsky.feed.post/3mwdxiifmis2a","at://did:plc:lq645sqyk5eskt3445bsjd7s/app.bsky.feed.post/3mwctk6emt22w","2026-09-25T14:16:31.000Z"
"did:plc:r5hd6dgqsxcrd45thpugvagu","did:plc:tbig7qnx4o5ylp5v23w577vl","at://did:plc:r5hd6dgqsxcrd45thpugvagu/app.bsky.feed.post/3mwdwj7wzpc24","at://did:plc:tbig7qnx4o5ylp5v23w577vl/app.bsky.feed.post/3mwduy2xifk2j","2026-09-25T13:59:01.941Z"
"did:plc:3soxccyzncng7ap4wbman44m","did:plc:3s5bjxij5qdfrbm76av3w7sl","at://did:plc:3soxccyzncng7ap4wbman44m/app.bsky.feed.post/3mwdu6grajc23","at://did:plc:3s5bjxij5qdfrbm76av3w7sl/app.bsky.feed.post/3mwdow3ukus2a","2026-09-25T13:17:12.513Z"
"did:plc:ry3tdvmhs7zebprlhdzw4ne7","did:plc:e5hpcahhlcviyqfotr3and4b","at://did:plc:ry3tdvmhs7zebprlhdzw4ne7/app.bsky.feed.post/3mwds4jrk322i","at://did:plc:e5hpcahhlcviyqfotr3and4b/app.bsky.feed.post/3mwdaf6yhzk23","2026-09-25T12:40:21.077Z"
"did:plc:minulnoxcb7lql35ajeqertc","did:plc:7n5wwfu5geslodps7kfkrjkm","at://did:plc:minulnoxcb7lql35ajeqertc/app.bsky.feed.post/3mwdntuu2y2ji","at://did:plc:7n5wwfu5geslodps7kfkrjkm/app.bsky.feed.post/3mwdndtmgdk2e","2026-09-25T11:23:55.736Z"
"did:plc:4vwkjmijpwzoqulerctaqphs","did:plc:brnnpb6x3pdapjeqqs275gbd","at://did:plc:4vwkjmijpwzoqulerctaqphs/app.bsky.feed.post/3mwdlp6ues22w","at://did:plc:brnnpb6x3pdapjeqqs275gbd/app.bsky.feed.post/3mwdle7k3uc2h","2026-09-25T10:45:30.976Z"
"did:plc:rtjcwrrc6f2lkildglhz3zyj","did:plc:y7e6yapc5wfz5z7rvrxfun4b","at://did:plc:rtjcwrrc6f2lkildglhz3zyj/app.bsky.feed.post/3mwdikkg6g22z","at://did:plc:y7e6yapc5wfz5z7rvrxfun4b/app.bsky.feed.post/3mwdiihfems2w","2026-09-25T09:49:14.089Z"
"did:plc:ysvjeg3zvk5y5f2wao6qzr7l","did:plc:wwym6cglvbd5odxfkykn2uh2","at://did:plc:ysvjeg3zvk5y5f2wao6qzr7l/app.bsky.feed.post/3mwdftdzdd22p","at://did:plc:wwym6cglvbd5odxfkykn2uh2/app.bsky.feed.post/3mwdfg63wfk2y","2026-09-25T09:00:28.148Z"
"did:plc:7fr7rfgkchogh4s3rb4ewxuz","did:plc:amkuy3dcsfpm7s6hxl7dllv4","at://did:plc:7fr7rfgkchogh4s3rb4ewxuz/app.bsky.feed.post/3mwdcbmkqlksq","at://did:plc:amkuy3dcsfpm7s6hxl7dllv4/app.bsky.feed.post/3mwdc2emlsc2n","2026-09-25T07:56:51.902Z"
"did:plc:cxd7x2jdqgbt5dk7tofu7gvm","did:plc:qt7tzh35jjjt3z3kutqjdwvd","at://did:plc:cxd7x2jdqgbt5dk7tofu7gvm/app.bsky.feed.post/3mwfm5quvak23","at://did:plc:qt7tzh35jjjt3z3kutqjdwvd/app.bsky.feed.post/3mvxs3nf36s2o","2026-09-26T05:58:59.107Z"
"did:plc:v6ra4fjyu6xlgma6p5r5iek5","did:plc:ddmzpstxvddj44lvzb2hhh3c","at://did:plc:v6ra4fjyu6xlgma6p5r5iek5/app.bsky.feed.post/3mwfm4lcbtt2b","at://did:plc:ddmzpstxvddj44lvzb2hhh3c/app.bsky.feed.post/3mwfl3my5q22f","2026-09-26T05:58:19.700Z"
"did:plc:4icrpzmw5r5puenhyh7b2wsl","did:plc:vxhkz22ruh2ugchkmzqwb74l","at://did:plc:4icrpzmw5r5puenhyh7b2wsl/app.bsky.feed.post/3mwfm4gl2y22f","at://did:plc:vxhkz22ruh2ugchkmzqwb74l/app.bsky.feed.post/3mwflumxv52en","2026-09-26T05:58:14.744Z"
"did:plc:klngtvquuyugbypgohfh3ftz","did:plc:njwcnt4qsdno2lhebdq34m2o","at://did:plc:klngtvquuyugbypgohfh3ftz/app.bsky.feed.post/3mwfm272mj22m","at://did:plc:njwcnt4qsdno2lhebdq34m2o/app.bsky.feed.post/3mwfbhipvgk2k","2026-09-26T05:56:59.755Z"
"did:plc:suoxeryxb3diftqmsgkcfiud","did:plc:vjyot2w7zeomrslomwpfxirl","at://did:plc:suoxeryxb3diftqmsgkcfiud/app.bsky.feed.post/3mwflazkbqc2z","at://did:plc:vjyot2w7zeomrslomwpfxirl/app.bsky.feed.post/3mwff5aaczk2y","2026-09-26T05:42:55.115Z"
"did:plc:mmc5zrv5i4h6xmtpps2unkho","did:plc:c6gb7etnhsj26z22h6wp3tu7","at://did:plc:mmc5zrv5i4h6xmtpps2unkho/app.bsky.feed.post/3mwfjzsdit524","at://did:plc:c6gb7etnhsj26z22h6wp3tu7/app.bsky.feed.post/3mweb6mnedc2x","2026-09-26T05:20:58.933Z"
"did:plc:mmc5zrv5i4h6xmtpps2unkho","did:plc:c6gb7etnhsj26z22h6wp3tu7","at://did:plc:mmc5zrv5i4h6xmtpps2unkho/app.bsky.feed.post/3mwfjx6lpvf24","at://did:plc:c6gb7etnhsj26z22h6wp3tu7/app.bsky.feed.post/3mweb6mnedc2x","2026-09-26T05:19:31.121Z"
"did:plc:mmc5zrv5i4h6xmtpps2unkho","did:plc:zvgnnx7oncrqqqlwmhqiccpv","at://did:plc:mmc5zrv5i4h6xmtpps2unkho/app.bsky.feed.post/3mwfjq6jasv24","at://did:plc:zvgnnx7oncrqqqlwmhqiccpv/app.bsky.feed.post/3mwdhalezuc2c","2026-09-26T05:15:36.160Z"
"did:plc:ueh6qniv3zy6zxiglkjxwtcs","did:plc:uqzbu2tahyqahmlppkedyole","at://did:plc:ueh6qniv3zy6zxiglkjxwtcs/app.bsky.feed.post/3mwfjmbvyzc2z","at://did:plc:uqzbu2tahyqahmlppkedyole/app.bsky.feed.post/3mw6qwouh7k2g","2026-09-26T05:13:25.505Z"
"did:plc:mthktzniljcvhf7hnohptifs","did:plc:xzs6unlaxszbl2yj7kni2vjy","at://did:plc:mthktzniljcvhf7hnohptifs/app.bsky.feed.post/3mwfjkxdbls2d","at://did:plc:xzs6unlaxszbl2yj7kni2vjy/app.bsky.feed.post/3mwef6wmgy22q","2026-09-26T05:12:40.852Z"
"did:plc:y6alliolnbnez6f6odwtsele","did:plc:7whqqga26s4wb4xa4vqurvfo","at://did:plc:y6alliolnbnez6f6odwtsele/app.bsky.feed.post/3mwfj7xjqf22y","at://did:plc:7whqqga26s4wb4xa4vqurvfo/app.bsky.feed.post/3mwfixchpik22","2026-09-26T05:06:31.965Z"
"did:plc:xdwo6pqw7ahphu2egtjukpj3","did:plc:7534z7ircjndl3loyzsxmuve","at://did:plc:xdwo6pqw7ahphu2egtjukpj3/app.bsky.feed.post/3mwfj7iixmk2g","at://did:plc:7534z7ircjndl3loyzsxmuve/app.bsky.feed.post/3mwfge4vn4c2b","2026-09-26T05:06:16.211Z"
"did:plc:lmkt6nmp3i6mi7kdl6wqvgo3","did:plc:suvhp7rsyxg2ekx77gtfuup5","at://did:plc:lmkt6nmp3i6mi7kdl6wqvgo3/app.bsky.feed.post/3mwfif77ais2p","at://did:plc:suvhp7rsyxg2ekx77gtfuup5/app.bsky.feed.post/3mwfhy7mzjs2f","2026-09-26T04:51:34.039Z"
"did:plc:5yi36x7u3qzyrnotf5x2h7hn","did:plc:ocytsitctktxvp4k3n2edgta","at://did:plc:5yi36x7u3qzyrnotf5x2h7hn/app.bsky.feed.post/3mwfhazycbc2v","at://did:plc:ocytsitctktxvp4k3n2edgta/app.bsky.feed.post/3mwfgveud622n","2026-09-26T04:31:20.609Z"
"did:plc:wl4yqrcbtaaykjpslissa4in","did:plc:grtkgem7qp4ersibk2mh3ypn","at://did:plc:wl4yqrcbtaaykjpslissa4in/app.bsky.feed.post/3mwfgwko23c2l","at://did:plc:grtkgem7qp4ersibk2mh3ypn/app.bsky.feed.post/3lo55vn7ggk25","2026-09-26T04:25:28.852Z"
"did:plc:m3tumwygm5splh66pk55qiv5","did:plc:4watr6uf2g4ojcna6zz4trax","at://did:plc:m3tumwygm5splh66pk55qiv5/app.bsky.feed.post/3mwfgh2ic7k25","at://did:plc:4watr6uf2g4ojcna6zz4trax/app.bsky.feed.post/3mwf2ro7c6c2e","2026-09-26T04:16:48.708Z"
"did:plc:w7au2nx6h6dmitskrbprkqd4","did:plc:r3xj5tbeou3s4rb354if3oof","at://did:plc:w7au2nx6h6dmitskrbprkqd4/app.bsky.feed.post/3mwfgexj37c2p","at://did:plc:r3xj5tbeou3s4rb354if3oof/app.bsky.feed.post/3mwffccpwps2z","2026-09-26T04:15:38.489Z"
"did:plc:cnyoagvcaroalhb33wen47eg","did:plc:vcyeykihhfrhlrma5ulidljg","at://did:plc:cnyoagvcaroalhb33wen47eg/app.bsky.feed.post/3mwfgaormkk2p","at://did:plc:vcyeykihhfrhlrma5ulidljg/app.bsky.feed.post/3mwffu76tsc2i","2026-09-26T04:13:15.114Z"
"did:plc:zo7j4sovkfad45yocv6mu5mj","did:plc:q5qhlb544dnf5qx4hvprwnh5","at://did:plc:zo7j4sovkfad45yocv6mu5mj/app.bsky.feed.post/3mwffzy74zc2v","at://did:plc:q5qhlb544dnf5qx4hvprwnh5/app.bsky.feed.post/3mwffuzny7223","2026-09-26T04:09:30.114Z"
"did:plc:ufhy54ojnrhk5gtg2v4cvu3j","did:plc:7gr6wotsof7m53gcr2w3p5wv","at://did:plc:ufhy54ojnrhk5gtg2v4cvu3j/app.bsky.feed.post/3mwffmkepg22x","at://did:plc:7gr6wotsof7m53gcr2w3p5wv/app.bsky.feed.post/3mwfcf74pfc2w","2026-09-26T04:01:59.408Z"
"did:plc:utrdz24mcbfcxor2bo2t6jsh","did:plc:ck7shh5lwewgwmpmpok7otpm","at://did:plc:utrdz24mcbfcxor2bo2t6jsh/app.bsky.feed.post/3mwffmhet2k2j","at://did:plc:ck7shh5lwewgwmpmpok7otpm/app.bsky.feed.post/3mwencdncwk2d","2026-09-26T04:01:56.266Z"
"did:plc:tnszymuwepbvhdva2hvxxgns","did:plc:e2qarfoklzpw6sgbkme4b66n","at://did:plc:tnszymuwepbvhdva2hvxxgns/app.bsky.feed.post/3mwfey6zou22d","at://did:plc:e2qarfoklzpw6sgbkme4b66n/app.bsky.feed.post/3mwevadon6s23","2026-09-26T03:50:36.424Z"
"did:plc:n2spsii2ywzwdmwpfhsuhtcp","did:plc:tayqs74rfac4ari6komj76ea","at://did:plc:n2spsii2ywzwdmwpfhsuhtcp/app.bsky.feed.post/3mwfeqil5pk22","at://did:plc:tayqs74rfac4ari6komj76ea/app.bsky.feed.post/3mwevgwgku22q","2026-09-26T03:46:17.999Z"
"did:plc:vra3q2dpsosx3kypujjdubwa","did:plc:m6b5qgo2443rkba5fdxaisin","at://did:plc:vra3q2dpsosx3kypujjdubwa/app.bsky.feed.post/3mwfdunscgs22","at://did:plc:m6b5qgo2443rkba5fdxaisin/app.bsky.feed.post/3mwf36ybvs22k","2026-09-26T03:30:43.951Z"
"did:plc:xtn5ccsmygqeyzqi7bdfnw3t","did:plc:e2qarfoklzpw6sgbkme4b66n","at://did:plc:xtn5ccsmygqeyzqi7bdfnw3t/app.bsky.feed.post/3mwfdk2ub722o","at://did:plc:e2qarfoklzpw6sgbkme4b66n/app.bsky.feed.post/3mwevadon6s23","2026-09-26T03:24:48.548Z"
"did:plc:rp3bjnjyybrzohzqvtldwyql","did:plc:qkdhh5qqywsxc5wpq4n2nkue","at://did:plc:rp3bjnjyybrzohzqvtldwyql/app.bsky.feed.post/3mwfcpe7g4c2n","at://did:plc:qkdhh5qqywsxc5wpq4n2nkue/app.bsky.feed.post/3mweqesmkk22u","2026-09-26T03:09:52.382Z"
"did:plc:z736vqqynnoe6dzfgs3cilvm","did:plc:tupsjio6kve7i7vckv4twbpz","at://did:plc:z736vqqynnoe6dzfgs3cilvm/app.bsky.feed.post/3mwfciizlq223","at://did:plc:tupsjio6kve7i7vckv4twbpz/app.bsky.feed.post/3mwegeif76s2v","2026-09-26T03:06:02.552Z"
"did:plc:yitjux5wnswziabxdhvkydll","did:plc:dtg2oeh4jj3lmbcxyxl6nm34","at://did:plc:yitjux5wnswziabxdhvkydll/app.bsky.feed.post/3mwfcgx2yme2x","at://did:plc:dtg2oeh4jj3lmbcxyxl6nm34/app.bsky.feed.post/3mwfcen6mq52d","2026-09-26T03:05:06.961Z"
"did:plc:d3uc5t3q6vobzk6acdcvldli","did:plc:omq25oxpmbeo5vmgsvzr3grk","at://did:plc:d3uc5t3q6vobzk6acdcvldli/app.bsky.feed.post/3mwfca2jlk22h","at://did:plc:omq25oxpmbeo5vmgsvzr3grk/app.bsky.feed.post/3mwfbsbj7tk2c","2026-09-26T03:01:18.913Z"
"did:plc:jtocuf6vsinb5jj6lpbix4gh","did:plc:mbhww6tk2n64eibnoebt2s7u","at://did:plc:jtocuf6vsinb5jj6lpbix4gh/app.bsky.feed.post/3mwfbe27v3k2i","at://did:plc:mbhww6tk2n64eibnoebt2s7u/app.bsky.feed.post/3mwf6r5awg22v","2026-09-26T02:45:39.071Z"
"did:plc:qdzhpxeql7myqv5j3jynm5ru","did:plc:szpeqpgmgd7zwnuptjhordjh","at://did:plc:qdzhpxeql7myqv5j3jynm5ru/app.bsky.feed.post/3mwfafhdia22l","at://did:plc:szpeqpgmgd7zwnuptjhordjh/app.bsky.feed.post/3mweu273lk22a","2026-09-26T02:28:32.633Z"
"did:plc:payuapqszsctf5qtj6hsa3jo","did:plc:rjy6bisq6qr7s4igo76dljko","at://did:plc:payuapqszsctf5qtj6hsa3jo/app.bsky.feed.post/3mwfa4zduhc2i","at://did:plc:rjy6bisq6qr7s4igo76dljko/app.bsky.feed.post/3mwel6i7c722p","2026-09-26T02:23:49.530Z"
"did:plc:mixdef3ii3valysmar4uhuln","did:plc:44zdzcbsij6zqc3h7eiqy4up","at://did:plc:mixdef3ii3valysmar4uhuln/app.bsky.feed.post/3mwfm26fjpd26","at://did:plc:44zdzcbsij6zqc3h7eiqy4up/app.bsky.feed.post/3mwfkrcwd7k24","2026-09-26T05:56:59.066Z"
"did:plc:n32l642bs2qtjzev73e6n5ci","did:plc:vsatbybm6epju3umdxjo2uzf","at://did:plc:n32l642bs2qtjzev73e6n5ci/app.bsky.feed.post/3mwff53uckk27","at://did:plc:vsatbybm6epju3umdxjo2uzf/app.bsky.feed.post/3mwfdjswows2f","2026-09-26T03:53:20.875Z"
"did:plc:ytukmthy3xszqlkajl36wxkc","did:plc:gh254rimuujtpiuvrsk4vgyo","at://did:plc:ytukmthy3xszqlkajl36wxkc/app.bsky.feed.post/3mwfd3tcdfl2z","at://did:plc:gh254rimuujtpiuvrsk4vgyo/app.bsky.feed.post/3mbpyohcykk2e","2026-09-26T03:16:50.818Z"
"did:plc:2nhny66zt6xerutuuntfuswm","did:plc:hvqup36hwy5klfu2jyfuaqbq","at://did:plc:2nhny66zt6xerutuuntfuswm/app.bsky.feed.post/3mwf65pgdjs2b","at://did:plc:hvqup36hwy5klfu2jyfuaqbq/app.bsky.feed.post/3mwexxc4i4s2s","2026-09-26T01:48:25.194Z"
"did:plc:uc6xfc2fyn7z3mk56vkroall","did:plc:qunbjmkvl5wlhe2eygfst6kt","at://did:plc:uc6xfc2fyn7z3mk56vkroall/app.bsky.feed.post/3mwf4z3x2r22r","at://did:plc:qunbjmkvl5wlhe2eygfst6kt/app.bsky.feed.post/3mwf4rpdsic2h","2026-09-26T01:27:56.812Z"
"did:plc:tjrgt53an6xdet6o6niobzpe","did:plc:vluepuvmlkxdrz5rtlglin5e","at://did:plc:tjrgt53an6xdet6o6niobzpe/app.bsky.feed.post/3mwf4no6vkk2a","at://did:plc:vluepuvmlkxdrz5rtlglin5e/app.bsky.feed.post/3mwesphcsxc2q","2026-09-26T01:21:33.289Z"
"did:plc:uc6xfc2fyn7z3mk56vkroall","did:plc:zzidgcorsqwgfplbrwl6xthn","at://did:plc:uc6xfc2fyn7z3mk56vkroall/app.bsky.feed.post/3mwf4j2hfbs2m","at://did:plc:zzidgcorsqwgfplbrwl6xthn/app.bsky.feed.post/3mwf44csxfs2w","2026-09-26T01:18:58.380Z"
"did:plc:uc6xfc2fyn7z3mk56vkroall","did:plc:qunbjmkvl5wlhe2eygfst6kt","at://did:plc:uc6xfc2fyn7z3mk56vkroall/app.bsky.feed.post/3mwf43nvvas2m","at://did:plc:qunbjmkvl5wlhe2eygfst6kt/app.bsky.feed.post/3mwf3ogl46k2r","2026-09-26T01:11:29.015Z"
"did:plc:yvaukf3rveoai7k72inajzhv","did:plc:zftsnmv3oeatoag66zia5sfu","at://did:plc:yvaukf3rveoai7k72inajzhv/app.bsky.feed.post/3mwf2vqwu7224","at://did:plc:zftsnmv3oeatoag66zia5sfu/app.bsky.feed.post/3mwf2pmkoh22x","2026-09-26T00:50:17.124Z"
"did:plc:ha4gmmdxg6h2prjjltwwcmds","did:plc:2kpgkv4xcyduvylimyapgcj7","at://did:plc:ha4gmmdxg6h2prjjltwwcmds/app.bsky.feed.post/3mwf2b4qeds2w","at://did:plc:2kpgkv4xcyduvylimyapgcj7/app.bsky.feed.post/3mweuydmxwc2n","2026-09-26T00:38:44.847Z"
"did:plc:uc6xfc2fyn7z3mk56vkroall","did:plc:4kzizy2bd5xh44vealowdcbi","at://did:plc:uc6xfc2fyn7z3mk56vkroall/app.bsky.feed.post/3mwf235hpyk2x","at://did:plc:4kzizy2bd5xh44vealowdcbi/app.bsky.feed.post/3mwew6bnmux23","2026-09-26T00:35:24.290Z"
"did:plc:sfvmxfq5xbg7csu2su7rphi6","did:plc:t3jxu5madb4b63hnjc4b6hdn","at://did:plc:sfvmxfq5xbg7csu2su7rphi6/app.bsky.feed.post/3mwezisxc5k2m","at://did:plc:t3jxu5madb4b63hnjc4b6hdn/app.bsky.feed.post/3mwe5qz6on225","2026-09-26T00:25:09.287Z"
"did:plc:sfvmxfq5xbg7csu2su7rphi6","did:plc:t3jxu5madb4b63hnjc4b6hdn","at://did:plc:sfvmxfq5xbg7csu2su7rphi6/app.bsky.feed.post/3mwezifpoic2m","at://did:plc:t3jxu5madb4b63hnjc4b6hdn/app.bsky.feed.post/3mwe5qwakw225","2026-09-26T00:24:55.405Z"
"did:plc:6qdzd3cioxjvu3qser2exyrw","did:plc:7klubbcc44afloqxgldhrm74","at://did:plc:6qdzd3cioxjvu3qser2exyrw/app.bsky.feed.post/3mweyqev5ac2v","at://did:plc:7klubbcc44afloqxgldhrm74/app.bsky.feed.post/3mwe5ak74ts23","2026-09-26T00:11:29.229Z"
"did:plc:usldrq5nl7cazhcvjswhyby7","did:plc:rnma6rthdc6ro5giv3xq2hda","at://did:plc:usldrq5nl7cazhcvjswhyby7/app.bsky.feed.post/3mwewkxocrk22","at://did:plc:rnma6rthdc6ro5giv3xq2hda/app.bsky.feed.post/3mwegkyvtm22t","2026-09-25T23:32:40.119Z"
"did:plc:gajxzrnoxaiwex6esujq3lvz","did:plc:uufz3dvrdnbm6ptii46y7j7u","at://did:plc:gajxzrnoxaiwex6esujq3lvz/app.bsky.feed.post/3mwevsiiztk2l","at://did:plc:uufz3dvrdnbm6ptii46y7j7u/app.bsky.feed.post/3mweinoaevk26","2026-09-25T23:18:58.911Z"
"did:plc:h2dzwjvil6cz4mwpm3onklyy","did:plc:vzu7j24crqmawkevzi3i6n3v","at://did:plc:h2dzwjvil6cz4mwpm3onklyy/app.bsky.feed.post/3mwevq5stj22s","at://did:plc:vzu7j24crqmawkevzi3i6n3v/app.bsky.feed.post/3mwbcwreddq2i","2026-09-25T23:17:40.589Z"
"did:plc:jzjlcv3dtmq3hj4ou52nr7zu","did:plc:j2r4lrchlwssuvzhpwqq52fm","at://did:plc:jzjlcv3dtmq3hj4ou52nr7zu/app.bsky.feed.post/3mweueieft52y","at://did:plc:j2r4lrchlwssuvzhpwqq52fm/app.bsky.feed.post/3mwetqv3b5t2a","2026-09-25T22:53:14.975211+00:00"
"did:plc:wegwfz3gsd54zuvnda6egfky","did:plc:jzlayd2wb3sgr6dryi36ok72","at://did:plc:wegwfz3gsd54zuvnda6egfky/app.bsky.feed.post/3mwetaz3hv227","at://did:plc:jzlayd2wb3sgr6dryi36ok72/app.bsky.feed.post/3mweqxjiwck2g","2026-09-25T22:33:24.828Z"
"did:plc:lineyodgwtbvs6djim67kjgt","did:plc:it4vfrn3hgrb3hsvvwfltqqa","at://did:plc:lineyodgwtbvs6djim67kjgt/app.bsky.feed.post/3mweswf2rbc2v","at://did:plc:it4vfrn3hgrb3hsvvwfltqqa/app.bsky.feed.post/3mwemvokei22s","2026-09-25T22:27:28.286Z"
"did:plc:7v3menwx74skirmpd47pe47g","did:plc:leh3ov672xybtbrtbrewhsr4","at://did:plc:7v3menwx74skirmpd47pe47g/app.bsky.feed.post/3mwessl4ryc2d","at://did:plc:leh3ov672xybtbrtbrewhsr4/app.bsky.feed.post/3mwesmdh76s2q","2026-09-25T22:25:20.428Z"
"did:plc:xbh36dwbaymoihiybrcs3h7o","did:plc:63umjc3jjqrv77hc4eehbvw7","at://did:plc:xbh36dwbaymoihiybrcs3h7o/app.bsky.feed.post/3mwer4xca7s2q","at://did:plc:63umjc3jjqrv77hc4eehbvw7/app.bsky.feed.post/3mwepshoxsc2p","2026-09-25T21:55:21.251Z"
"did:plc:65utjgikjbdwjwbbo4hz6m6a","did:plc:it4vfrn3hgrb3hsvvwfltqqa","at://did:plc:65utjgikjbdwjwbbo4hz6m6a/app.bsky.feed.post/3mwer4qhj722u","at://did:plc:it4vfrn3hgrb3hsvvwfltqqa/app.bsky.feed.post/3mwemvokei22s","2026-09-25T21:55:14.081Z"
"did:plc:vp3irkl7h5mcc55ny7fdxa33","did:plc:hpnbs37onkidy2podxpqtvc3","at://did:plc:vp3irkl7h5mcc55ny7fdxa33/app.bsky.feed.post/3mwexkx6pwc2v","at://did:plc:hpnbs37onkidy2podxpqtvc3/app.bsky.feed.post/3mweaqxfbb22w","2026-09-25T23:50:33.350Z"
"did:plc:orjbkrryofq3bb6gtbt2tcz7","did:plc:y4ddaq7wmxnn5t5egihzpmwz","at://did:plc:orjbkrryofq3bb6gtbt2tcz7/app.bsky.feed.post/3mwequxkidk24","at://did:plc:y4ddaq7wmxnn5t5egihzpmwz/app.bsky.feed.post/3mweofx7fxs2n","2026-09-25T21:50:53.087Z"
"did:plc:yx2kdecunax3u2ykbyxu7f3w","did:plc:thevjemciy7kvuvgqaeswfde","at://did:plc:yx2kdecunax3u2ykbyxu7f3w/app.bsky.feed.post/3mweqsyzlzc2l","at://did:plc:thevjemciy7kvuvgqaeswfde/app.bsky.feed.post/3mwekqyrtrs2n","2026-09-25T21:49:47.511Z"
"did:plc:wvauhk2kzu5qxtemqvpkqk2e","did:plc:it4vfrn3hgrb3hsvvwfltqqa","at://did:plc:wvauhk2kzu5qxtemqvpkqk2e/app.bsky.feed.post/3mweqixtud22a","at://did:plc:it4vfrn3hgrb3hsvvwfltqqa/app.bsky.feed.post/3mwemvokei22s","2026-09-25T21:44:10.738Z"
"did:plc:p3dey7reexgo7k6kuyzsl22d","did:plc:mlgnshplxdsuf6qkk3w7flve","at://did:plc:p3dey7reexgo7k6kuyzsl22d/app.bsky.feed.post/3mweowohxas2i","at://did:plc:mlgnshplxdsuf6qkk3w7flve/app.bsky.feed.post/3mwenpevhic2i","2026-09-25T21:16:03.192Z"
"did:plc:w2rubwwyrxgf77rznnsgv5zg","did:plc:pad4tur3vtqja7abwejzq3q7","at://did:plc:w2rubwwyrxgf77rznnsgv5zg/app.bsky.feed.post/3mwel756ydk2l","at://did:plc:pad4tur3vtqja7abwejzq3q7/app.bsky.feed.post/3mwekfp6z6k2v","2026-09-25T20:09:12.095Z"
"did:plc:65pumqeeewslmht3l36liiii","did:plc:il4ugxgsupyqagqvrggl7tld","at://did:plc:65pumqeeewslmht3l36liiii/app.bsky.feed.post/3mwekgf3k6c2a","at://did:plc:il4ugxgsupyqagqvrggl7tld/app.bsky.feed.post/3mwejpsxnzk2r","2026-09-25T19:55:21.507Z"
"did:plc:6rdthm3ihpqfd7vn2q2ktjrz","did:plc:643p6z4ydk2xnwv77maa6eec","at://did:plc:6rdthm3ihpqfd7vn2q2ktjrz/app.bsky.feed.post/3mwekfku3uk2t","at://did:plc:643p6z4ydk2xnwv77maa6eec/app.bsky.feed.post/3mwdzbi2blk2j","2026-09-25T19:54:54.003Z"
"did:plc:zh6joxbagyrpe2sapdwlxdzp","did:plc:qiknc4t5rq7yngvz7g4aezq7","at://did:plc:zh6joxbagyrpe2sapdwlxdzp/app.bsky.feed.post/3mwejn3fwqs2v","at://did:plc:qiknc4t5rq7yngvz7g4aezq7/app.bsky.feed.post/3mwefqgaz722x","2026-09-25T19:41:12.504Z"
"did:plc:iw5qaond4yx347zpux7modm2","did:plc:4ixt3dbvauaisudrqpffal2e","at://did:plc:iw5qaond4yx347zpux7modm2/app.bsky.feed.post/3mwehtmzwns24","at://did:plc:4ixt3dbvauaisudrqpffal2e/app.bsky.feed.post/3mw5knbhopc2j","2026-09-25T19:09:04.828Z"
"did:plc:ijxkdb2iizz74vjzq4xwm7bb","did:plc:76slocjwttp4afxqimotw3cf","at://did:plc:ijxkdb2iizz74vjzq4xwm7bb/app.bsky.feed.post/3mwegsierhs2o","at://did:plc:76slocjwttp4afxqimotw3cf/app.bsky.feed.post/3mw25rhff422j","2026-09-25T18:50:32.644Z"
"did:plc:fqgl2lov4kiox5rrrivgfuqh","did:plc:wvlbhx2c2srslifqzdiyaqpt","at://did:plc:fqgl2lov4kiox5rrrivgfuqh/app.bsky.feed.post/3mwecvemyll26","at://did:plc:wvlbhx2c2srslifqzdiyaqpt/app.bsky.feed.post/3mwe6de6nkc2i","2026-09-25T17:40:34.283Z"
"did:plc:eicxbqyadpd5r6g64qe2josj","did:plc:fhj7zqi5jd5jvronc6ik7kzu","at://did:plc:eicxbqyadpd5r6g64qe2josj/app.bsky.feed.post/3mwecciwmxk2g","at://did:plc:fhj7zqi5jd5jvronc6ik7kzu/app.bsky.feed.post/3mwebimzxdk2x","2026-09-25T17:30:01.391Z"
"did:plc:spexcfbsyw76bcpol4qwlgw7","did:plc:aoqgsg25dvpcubsqkpkr5on2","at://did:plc:spexcfbsyw76bcpol4qwlgw7/app.bsky.feed.post/3mwe7izzlrk2w","at://did:plc:aoqgsg25dvpcubsqkpkr5on2/app.bsky.feed.post/3mwe6x7rr4c2m","2026-09-25T16:39:59.408Z"
"did:plc:qofgxv4ppoqxyjt572znr46a","did:plc:fa3pc7xjfm4476bnjldxys2f","at://did:plc:qofgxv4ppoqxyjt572znr46a/app.bsky.feed.post/3mwe7e3mmqk26","at://did:plc:fa3pc7xjfm4476bnjldxys2f/app.bsky.feed.post/3mwdxjzrg7k2v","2026-09-25T16:37:13.315Z"
"did:plc:tev4h3tjxv4f4dtazzcxtd77","did:plc:57vlzz2egy6eqr4nksacmbht","at://did:plc:tev4h3tjxv4f4dtazzcxtd77/app.bsky.feed.post/3mwe4tqa67c2k","at://did:plc:57vlzz2egy6eqr4nksacmbht/app.bsky.feed.post/3mwe2db5mek2l","2026-09-25T15:52:17.017Z"
"did:plc:ohcsb6tjornk4ybhvw4ibivg","did:plc:j4ot6uzegham4ntzr5d4rws4","at://did:plc:ohcsb6tjornk4ybhvw4ibivg/app.bsky.feed.post/3mwe4nkjqvc2o","at://did:plc:j4ot6uzegham4ntzr5d4rws4/app.bsky.feed.post/3mwbziu7al222","2026-09-25T15:48:49.714Z"
"did:plc:ewm2hjikmv3euyymqzmp3azi","did:plc:jbr6d6lanclb5jsmywbpmhnm","at://did:plc:ewm2hjikmv3euyymqzmp3azi/app.bsky.feed.post/3mwe45uztos2r","at://did:plc:jbr6d6lanclb5jsmywbpmhnm/app.bsky.feed.post/3mw7lpjfbjk2l","2026-09-25T15:40:03.856Z"
"did:plc:lp3i3dhu4kdbp6ynsrcy75ra","did:plc:tbuqmt45vauue7msmqcth2ay","at://did:plc:lp3i3dhu4kdbp6ynsrcy75ra/app.bsky.feed.post/3mwe3f5yo7c22","at://did:plc:tbuqmt45vauue7msmqcth2ay/app.bsky.feed.post/3mwe2ab5plk2b","2026-09-25T15:26:14.378Z"
