"from","to"
"did:plc:5vmtthhzfl73ym2nam6ckvv3","did:plc:ca7mpbgccma5ozmu2wh42pnz"
"did:plc:kwd3olfyx7otticrdi6u54f3","did:plc:ehmvzoyc52jyfoynjy2vu7u4"
"did:plc:6wbuez5fdmke5mbvasgza7k6","did:plc:3prmhuhkn47z7c4cuhxwwwzf"
"did:plc:qteqxjfjmtxkg3uxqoitqgrm","did:plc:2w45zyhuklwihpdc7oj3mi63"
"did:plc:iicfwrqhdulxk4s6gqu6ytm7","did:plc:czjt3ibnudi7s2skpu3geam5"
"did:plc:yw6rtd44qq4m3cv4fpajj3xw","did:plc:6rxbzqev2t2jy2wcitfbyjqr"
"did:plc:f4rjexjtnxubk6zkzslbrzxa","did:plc:urrjvjmc7sowchg3ph322pbr"
"did:plc:x2nmgyxjqnv7zjsi2mr6uuul","did:plc:4u3hwe3p7oy3hoy3amlw7rp2"
"did:plc:5lfgdslvkgl6swnj36dosno7","did:plc:eu7itbmnrpzjlcom5zxme3ko"
"did:plc:cbpvmd3k57wer5kbjqdxn3nq","did:plc:vovinwhtulbsx4mwfw26r5ni"
"did:plc:yquauhwflfx2bt42amhodx6v","did:plc:qxudeqrdbv6676vzjssrhllo"
"did:plc:gx6vtpsfpfkej6hmh66m7frd","did:plc:qxudeqrdbv6676vzjssrhllo"
"did:plc:lozmph3nfogiyoi23m4qrxus","did:plc:bg3dwca3qw46jqn2jxb52g2g"
"did:plc:mli5ffhoj5elsts7w236y5sn","did:plc:qxddxevtvd6ow6zttzo32rct"
"did:plc:22qknl7an723rt2kjsbola7u","did:plc:ohrghfm2tnjqyyxjh5y3224n"
"did:plc:vyjippuuhxmb6xkpcgys67c5","did:plc:qxudeqrdbv6676vzjssrhllo"
"did:plc:52aq4ct7ynughy6uk4qyke6f","did:plc:4llrhdclvdlmmynkwsmg5tdc"
"did:plc:zvbhd66gjci62kxtzd3eh2v4","did:plc:6eyrbzrti6yyqkilw65hv3ok"
"did:plc:hptsk6htmqasn4kzx7klibip","did:plc:q2ir5ytk5gt5smdc6sodglxd"
"did:plc:hptsk6htmqasn4kzx7klibip","did:plc:bamk3vfncdwawvmdkq4um2fw"
"did:plc:yumwqqqcmimdjuy7npelf2jr","did:plc:qxudeqrdbv6676vzjssrhllo"
"did:plc:pis2pbkxmm4n3si3w4vbvirz","did:plc:sk6jryjhuavqchpa53jlcsyu"
"did:plc:qehotpax7in45htleeliolds","did:plc:ubbybxfh6if3ocvteampfxpv"
"did:plc:yicaavjke52kvmije5o3qumu","did:plc:k5nskatzhyxersjilvtnz4lh"
"did:plc:dj6oxdmirq34ui6zqrvob53r","did:plc:gwtci6b4lmze7i4g7a67n6zc"
"did:plc:2wmyo7m47aza2yojqjjrtvbe","did:plc:nyjm4ylfid2a7mjm6varxuiq"
"did:plc:6dbdbvkx6wmmaib2sk4ll22s","did:plc:fcfedums2jv4jfzvqogatc7i"
"did:plc:s5qrnmbssyaemtyx6h6236yk","did:plc:yiv7qnem6bg5mt464feihy2n"
"did:plc:o6ib2fginsufaplmi2omb2zv","did:plc:vovinwhtulbsx4mwfw26r5ni"
"did:plc:amnhdrsyqrmpomj6qdzc3ved","did:plc:wki7fu2qr3l5md52ej25gjjh"
"did:plc:kwiypi24jk74eqizabvi3cwd","did:plc:7djilxz5hxic4aptmhiqm7cj"
"did:plc:s5qrnmbssyaemtyx6h6236yk","did:plc:2kpgkv4xcyduvylimyapgcj7"
"did:plc:dpwpritm3tmba7pyf4r6uqlf","did:plc:opq5phhuquxppobexcp2cm4y"
"did:plc:vwmwu76t2uagqwcmxf5fwidj","did:plc:uc5o3uwhggmtyzrikttgm6z3"
"did:plc:uxp47xg3bjtbyppf6vnmdfbo","did:plc:dua3kl42nv2ggmpiqwzvoqlx"
"did:plc:6kse464v2q2tvtmdt7rum7fo","did:plc:w4ffuc5kesc6byiedumxttez"
"did:plc:6kse464v2q2tvtmdt7rum7fo","did:plc:6rxbzqev2t2jy2wcitfbyjqr"
"did:plc:sc3l2vtdhs6qbsoiyica7gka","did:plc:wgn3vr7tz23up3n7wtlbncz6"
"did:plc:nweoznzqqqgkvkhw4zair7fb","did:plc:4llrhdclvdlmmynkwsmg5tdc"
"did:plc:4vwkjmijpwzoqulerctaqphs","did:plc:ifnxpomraswgy6t34nrwqqgd"
"did:plc:46wu46w4ulphkjeie5bvpd7t","did:plc:4pgbd43dq7bjxgiguziumdqc"
"did:plc:4og7kniw7pmfnlx6pjfd2sxv","did:plc:ovvxxktnggqglkkwfxdpscf2"
"did:plc:c7a4sekhlsfotoftcixtvxsn","did:plc:bu5r2jciq5jov554ii6il7r4"
"did:plc:23mhm63ih7mb4lmxjkkpnohf","did:plc:bxhvzauchaj3lywujhmlzwus"
"did:plc:beqfmic6slbh6xp6ol5poguu","did:plc:r2bjwiwlhmo26hh2sz27fqf3"
"did:plc:fme3ybtqgr6xiidzcpldg37q","did:plc:idhkouai2l4qzihu2j37idgd"
"did:plc:qutxerevidwlzend6nfzix4y","did:plc:6zq72tchgzxigxat34bhruh7"
"did:plc:kfwyi6bek4mmxekk46azzcn3","did:plc:57vlzz2egy6eqr4nksacmbht"
"did:plc:bqqmoom6eiznml3kcln47ftd","did:plc:d5kuwqnbeknmdzvnzly553qt"
"did:plc:4d47zbcgiidl4gblmkzykbzl","did:plc:lq645sqyk5eskt3445bsjd7s"
"did:plc:r5hd6dgqsxcrd45thpugvagu","did:plc:tbig7qnx4o5ylp5v23w577vl"
"did:plc:3soxccyzncng7ap4wbman44m","did:plc:3s5bjxij5qdfrbm76av3w7sl"
"did:plc:ry3tdvmhs7zebprlhdzw4ne7","did:plc:e5hpcahhlcviyqfotr3and4b"
"did:plc:minulnoxcb7lql35ajeqertc","did:plc:7n5wwfu5geslodps7kfkrjkm"
"did:plc:4vwkjmijpwzoqulerctaqphs","did:plc:brnnpb6x3pdapjeqqs275gbd"
"did:plc:rtjcwrrc6f2lkildglhz3zyj","did:plc:y7e6yapc5wfz5z7rvrxfun4b"
"did:plc:ysvjeg3zvk5y5f2wao6qzr7l","did:plc:wwym6cglvbd5odxfkykn2uh2"
"did:plc:7fr7rfgkchogh4s3rb4ewxuz","did:plc:amkuy3dcsfpm7s6hxl7dllv4"
"did:plc:cxd7x2jdqgbt5dk7tofu7gvm","did:plc:qt7tzh35jjjt3z3kutqjdwvd"
"did:plc:v6ra4fjyu6xlgma6p5r5iek5","did:plc:ddmzpstxvddj44lvzb2hhh3c"
"did:plc:4icrpzmw5r5puenhyh7b2wsl","did:plc:vxhkz22ruh2ugchkmzqwb74l"
"did:plc:klngtvquuyugbypgohfh3ftz","did:plc:njwcnt4qsdno2lhebdq34m2o"
"did:plc:suoxeryxb3diftqmsgkcfiud","did:plc:vjyot2w7zeomrslomwpfxirl"
"did:plc:mmc5zrv5i4h6xmtpps2unkho","did:plc:c6gb7etnhsj26z22h6wp3tu7"
"did:plc:mmc5zrv5i4h6xmtpps2unkho","did:plc:zvgnnx7oncrqqqlwmhqiccpv"
"did:plc:ueh6qniv3zy6zxiglkjxwtcs","did:plc:uqzbu2tahyqahmlppkedyole"
"did:plc:mthktzniljcvhf7hnohptifs","did:plc:xzs6unlaxszbl2yj7kni2vjy"
"did:plc:y6alliolnbnez6f6odwtsele","did:plc:7whqqga26s4wb4xa4vqurvfo"
"did:plc:xdwo6pqw7ahphu2egtjukpj3","did:plc:7534z7ircjndl3loyzsxmuve"
"did:plc:lmkt6nmp3i6mi7kdl6wqvgo3","did:plc:suvhp7rsyxg2ekx77gtfuup5"
"did:plc:5yi36x7u3qzyrnotf5x2h7hn","did:plc:ocytsitctktxvp4k3n2edgta"
"did:plc:wl4yqrcbtaaykjpslissa4in","did:plc:grtkgem7qp4ersibk2mh3ypn"
"did:plc:m3tumwygm5splh66pk55qiv5","did:plc:4watr6uf2g4ojcna6zz4trax"
"did:plc:w7au2nx6h6dmitskrbprkqd4","did:plc:r3xj5tbeou3s4rb354if3oof"
"did:plc:cnyoagvcaroalhb33wen47eg","did:plc:vcyeykihhfrhlrma5ulidljg"
"did:plc:zo7j4sovkfad45yocv6mu5mj","did:plc:q5qhlb544dnf5qx4hvprwnh5"
"did:plc:ufhy54ojnrhk5gtg2v4cvu3j","did:plc:7gr6wotsof7m53gcr2w3p5wv"
"did:plc:utrdz24mcbfcxor2bo2t6jsh","did:plc:ck7shh5lwewgwmpmpok7otpm"
"did:plc:tnszymuwepbvhdva2hvxxgns","did:plc:e2qarfoklzpw6sgbkme4b66n"
"did:plc:n2spsii2ywzwdmwpfhsuhtcp","did:plc:tayqs74rfac4ari6komj76ea"
"did:plc:vra3q2dpsosx3kypujjdubwa","did:plc:m6b5qgo2443rkba5fdxaisin"
"did:plc:xtn5ccsmygqeyzqi7bdfnw3t","did:plc:e2qarfoklzpw6sgbkme4b66n"
"did:plc:rp3bjnjyybrzohzqvtldwyql","did:plc:qkdhh5qqywsxc5wpq4n2nkue"
"did:plc:z736vqqynnoe6dzfgs3cilvm","did:plc:tupsjio6kve7i7vckv4twbpz"
"did:plc:yitjux5wnswziabxdhvkydll","did:plc:dtg2oeh4jj3lmbcxyxl6nm34"
"did:plc:d3uc5t3q6vobzk6acdcvldli","did:plc:omq25oxpmbeo5vmgsvzr3grk"
"did:plc:jtocuf6vsinb5jj6lpbix4gh","did:plc:mbhww6tk2n64eibnoebt2s7u"
"did:plc:qdzhpxeql7myqv5j3jynm5ru","did:plc:szpeqpgmgd7zwnuptjhordjh"
"did:plc:payuapqszsctf5qtj6hsa3jo","did:plc:rjy6bisq6qr7s4igo76dljko"
"did:plc:mixdef3ii3valysmar4uhuln","did:plc:44zdzcbsij6zqc3h7eiqy4up"
"did:plc:n32l642bs2qtjzev73e6n5ci","did:plc:vsatbybm6epju3umdxjo2uzf"
"did:plc:ytukmthy3xszqlkajl36wxkc","did:plc:gh254rimuujtpiuvrsk4vgyo"
"did:plc:2nhny66zt6xerutuuntfuswm","did:plc:hvqup36hwy5klfu2jyfuaqbq"
"did:plc:uc6xfc2fyn7z3mk56vkroall","did:plc:qunbjmkvl5wlhe2eygfst6kt"
"did:plc:tjrgt53an6xdet6o6niobzpe","did:plc:vluepuvmlkxdrz5rtlglin5e"
"did:plc:uc6xfc2fyn7z3mk56vkroall","did:plc:zzidgcorsqwgfplbrwl6xthn"
"did:plc:yvaukf3rveoai7k72inajzhv","did:plc:zftsnmv3oeatoag66zia5sfu"
"did:plc:ha4gmmdxg6h2prjjltwwcmds","did:plc:2kpgkv4xcyduvylimyapgcj7"
"did:plc:uc6xfc2fyn7z3mk56vkroall","did:plc:4kzizy2bd5xh44vealowdcbi"
"did:plc:sfvmxfq5xbg7csu2su7rphi6","did:plc:t3jxu5madb4b63hnjc4b6hdn"
"did:plc:6qdzd3cioxjvu3qser2exyrw","did:plc:7klubbcc44afloqxgldhrm74"
"did:plc:usldrq5nl7cazhcvjswhyby7","did:plc:rnma6rthdc6ro5giv3xq2hda"
"did:plc:gajxzrnoxaiwex6esujq3lvz","did:plc:uufz3dvrdnbm6ptii46y7j7u"
"did:plc:h2dzwjvil6cz4mwpm3onklyy","did:plc:vzu7j24crqmawkevzi3i6n3v"
"did:plc:jzjlcv3dtmq3hj4ou52nr7zu","did:plc:j2r4lrchlwssuvzhpwqq52fm"
"did:plc:wegwfz3gsd54zuvnda6egfky","did:plc:jzlayd2wb3sgr6dryi36ok72"
"did:plc:lineyodgwtbvs6djim67kjgt","did:plc:it4vfrn3hgrb3hsvvwfltqqa"
"did:plc:7v3menwx74skirmpd47pe47g","did:plc:leh3ov672xybtbrtbrewhsr4"
"did:plc:xbh36dwbaymoihiybrcs3h7o","did:plc:63umjc3jjqrv77hc4eehbvw7"
"did:plc:65utjgikjbdwjwbbo4hz6m6a","did:plc:it4vfrn3hgrb3hsvvwfltqqa"
"did:plc:vp3irkl7h5mcc55ny7fdxa33","did:plc:hpnbs37onkidy2podxpqtvc3"
"did:plc:orjbkrryofq3bb6gtbt2tcz7","did:plc:y4ddaq7wmxnn5t5egihzpmwz"
"did:plc:yx2kdecunax3u2ykbyxu7f3w","did:plc:thevjemciy7kvuvgqaeswfde"
"did:plc:wvauhk2kzu5qxtemqvpkqk2e","did:plc:it4vfrn3hgrb3hsvvwfltqqa"
"did:plc:p3dey7reexgo7k6kuyzsl22d","did:plc:mlgnshplxdsuf6qkk3w7flve"
"did:plc:w2rubwwyrxgf77rznnsgv5zg","did:plc:pad4tur3vtqja7abwejzq3q7"
"did:plc:65pumqeeewslmht3l36liiii","did:plc:il4ugxgsupyqagqvrggl7tld"
"did:plc:6rdthm3ihpqfd7vn2q2ktjrz","did:plc:643p6z4ydk2xnwv77maa6eec"
"did:plc:zh6joxbagyrpe2sapdwlxdzp","did:plc:qiknc4t5rq7yngvz7g4aezq7"
"did:plc:iw5qaond4yx347zpux7modm2","did:plc:4ixt3dbvauaisudrqpffal2e"
"did:plc:ijxkdb2iizz74vjzq4xwm7bb","did:plc:76slocjwttp4afxqimotw3cf"
"did:plc:fqgl2lov4kiox5rrrivgfuqh","did:plc:wvlbhx2c2srslifqzdiyaqpt"
"did:plc:eicxbqyadpd5r6g64qe2josj","did:plc:fhj7zqi5jd5jvronc6ik7kzu"
"did:plc:spexcfbsyw76bcpol4qwlgw7","did:plc:aoqgsg25dvpcubsqkpkr5on2"
"did:plc:qofgxv4ppoqxyjt572znr46a","did:plc:fa3pc7xjfm4476bnjldxys2f"
"did:plc:tev4h3tjxv4f4dtazzcxtd77","did:plc:57vlzz2egy6eqr4nksacmbht"
"did:plc:ohcsb6tjornk4ybhvw4ibivg","did:plc:j4ot6uzegham4ntzr5d4rws4"
"did:plc:ewm2hjikmv3euyymqzmp3azi","did:plc:jbr6d6lanclb5jsmywbpmhnm"
"did:plc:lp3i3dhu4kdbp6ynsrcy75ra","did:plc:tbuqmt45vauue7msmqcth2ay"
