"k","total_within_cluster_ss","reduction_from_previous_k","percentage_reduction","selected"
2,826.383349214331,,,FALSE
3,816.794888152889,9.58846106144154,1.16029214172304,FALSE
4,807.587206170884,9.20768198200551,1.12729427124941,FALSE
5,800.850228307496,6.73697786338732,0.834210573410421,FALSE
6,791.560501821374,9.28972648612205,1.15998299778909,FALSE
7,783.302668944571,8.25783287680315,1.04323458002287,TRUE
8,778.497109631693,4.80555931287836,0.613499673038701,FALSE
9,773.670474933743,4.82663469795011,0.619993913687566,FALSE
10,769.539048494846,4.13142643889671,0.534003373884796,FALSE
