"cluster","cluster_label","measure","n","mean","median","standard_deviation","iqr","minimum","q1","q3","maximum","proportion_zero"
1,"Cluster 1","total_engagement",487,7.57289527720738,1,74.7238697631621,2,0,0,2,1599,0.480492813141684
2,"Cluster 2","total_engagement",21,0.571428571428572,0,1.02817452659695,1,0,0,1,4,0.666666666666667
3,"Cluster 3","total_engagement",26,0.230769230769231,0,0.514407799916938,0,0,0,0,2,0.807692307692308
4,"Cluster 4","total_engagement",163,1.80368098159509,0,4.16756863675254,2,0,0,2,31,0.533742331288344
5,"Cluster 5","total_engagement",13,7.38461538461538,3,8.45121748170504,9,0,2,11,23,0.230769230769231
6,"Cluster 6","total_engagement",119,3.85714285714286,0,16.2054007079904,1,0,0,1,147,0.638655462184874
7,"Cluster 7","total_engagement",78,3.29487179487179,0,15.8369196912791,1,0,0,1,136,0.628205128205128
1,"Cluster 1","like_count",487,5.51745379876797,0,54.6305511844941,1,0,0,1,1169,0.562628336755647
2,"Cluster 2","like_count",21,0.380952380952381,0,0.740012869900955,1,0,0,1,3,0.714285714285714
3,"Cluster 3","like_count",26,0.230769230769231,0,0.514407799916938,0,0,0,0,2,0.807692307692308
4,"Cluster 4","like_count",163,1.38650306748466,0,3.61123957613242,1,0,0,1,29,0.625766871165644
5,"Cluster 5","like_count",13,6.46153846153846,2,7.26424330327879,9,0,2,11,22,0.230769230769231
6,"Cluster 6","like_count",119,2.26890756302521,0,10.5611195148354,1,0,0,1,106,0.722689075630252
7,"Cluster 7","like_count",78,1.78205128205128,0,8.01888588287244,1,0,0,1,68,0.692307692307692
1,"Cluster 1","repost_count",487,1.50308008213552,0,17.8970389405414,0,0,0,0,385,0.856262833675565
2,"Cluster 2","repost_count",21,0.142857142857143,0,0.358568582800318,0,0,0,0,1,0.857142857142857
3,"Cluster 3","repost_count",26,0,0,0,0,0,0,0,0,1
4,"Cluster 4","repost_count",163,0.104294478527607,0,0.492079198339516,0,0,0,0,4,0.94478527607362
5,"Cluster 5","repost_count",13,0.846153846153846,0,1.67561699313784,1,0,0,1,5,0.692307692307692
6,"Cluster 6","repost_count",119,0.865546218487395,0,4.21644152672244,0,0,0,0,39,0.890756302521008
7,"Cluster 7","repost_count",78,0.923076923076923,0,4.86644815880306,0,0,0,0,42,0.846153846153846
1,"Cluster 1","reply_count",487,0.437371663244353,0,1.66903525257539,0,0,0,0,26,0.763860369609856
2,"Cluster 2","reply_count",21,0.0476190476190476,0,0.218217890235992,0,0,0,0,1,0.952380952380952
3,"Cluster 3","reply_count",26,0,0,0,0,0,0,0,0,1
4,"Cluster 4","reply_count",163,0.300613496932515,0,0.629863490257944,0,0,0,0,4,0.766871165644172
5,"Cluster 5","reply_count",13,0.0769230769230769,0,0.277350098112615,0,0,0,0,1,0.923076923076923
6,"Cluster 6","reply_count",119,0.420168067226891,0,1.56495409755246,0,0,0,0,13,0.80672268907563
7,"Cluster 7","reply_count",78,0.346153846153846,0,1.52747073070708,0,0,0,0,13,0.846153846153846
1,"Cluster 1","quote_count",487,0.114989733059548,0,1.25344018370764,0,0,0,0,26,0.965092402464066
2,"Cluster 2","quote_count",21,0,0,0,0,0,0,0,0,1
3,"Cluster 3","quote_count",26,0,0,0,0,0,0,0,0,1
4,"Cluster 4","quote_count",163,0.0122699386503067,0,0.110427343933773,0,0,0,0,1,0.987730061349693
5,"Cluster 5","quote_count",13,0,0,0,0,0,0,0,0,1
6,"Cluster 6","quote_count",119,0.302521008403361,0,2.06485778165306,0,0,0,0,21,0.932773109243697
7,"Cluster 7","quote_count",78,0.243589743589744,0,1.53898176352576,0,0,0,0,13,0.948717948717949
