"cluster_1","cluster_2","n_cluster_1","n_cluster_2","median_cluster_1","median_cluster_2","mean_rank_cluster_1","mean_rank_cluster_2","higher_mean_rank_cluster","raw_p_value","adjusted_p_value_holm","significant_after_holm"
1,2,487,21,1,0,257.017453798768,196.119047619048,"Cluster 1",0.0466487580767402,0.513136338844143,FALSE
1,3,487,26,1,0,261.906570841889,165.096153846154,"Cluster 1",0.000499972935291614,0.00999945870583228,TRUE
1,4,487,163,1,0,331.330595482546,308.079754601227,"Cluster 1",0.142617336175069,1,FALSE
1,5,487,13,1,3,247.714579055442,354.846153846154,"Cluster 5",0.00505216651636982,0.0656781647128077,FALSE
1,6,487,119,1,0,312.956878850103,264.798319327731,"Cluster 1",0.00369705468389983,0.0554558202584974,FALSE
1,7,487,78,1,0,289.201232032854,244.282051282051,"Cluster 1",0.0153472754033188,0.184167304839825,FALSE
2,3,21,26,0,0,26.047619047619,22.3461538461538,"Cluster 2",0.233274598377001,1,FALSE
2,4,21,163,0,0,78.5,94.3036809815951,"Cluster 4",0.159840161995683,1,FALSE
2,5,21,13,0,3,13.3809523809524,24.1538461538462,"Cluster 5",0.00108819928462842,0.0184993878386831,TRUE
2,6,21,119,0,0,66.8571428571429,71.1428571428571,"Cluster 6",0.603736609416912,1,FALSE
2,7,21,78,0,0,47.3809523809524,50.7051282051282,"Cluster 7",0.586854162849012,1,FALSE
3,4,26,163,0,0,69.3076923076923,99.0981595092025,"Cluster 4",0.0040982702100138,0.0573757829401933,FALSE
3,5,26,13,0,3,15.3461538461538,29.3076923076923,"Cluster 5",4.05122488131357e-05,0.000850757225075849,TRUE
3,6,26,119,0,0,61.0192307692308,75.6176470588235,"Cluster 6",0.0548546257076038,0.548546257076038,FALSE
3,7,26,78,0,0,44.3076923076923,55.2307692307692,"Cluster 7",0.0549009180350112,0.548546257076038,FALSE
4,5,163,13,0,3,85.2453987730061,129.307692307692,"Cluster 5",0.00121655624695386,0.0194648999512617,TRUE
4,6,163,119,0,0,147.101226993865,133.827731092437,"Cluster 4",0.131646978734046,1,FALSE
4,7,163,78,0,0,124.60736196319,113.461538461538,"Cluster 4",0.198218687294339,1,FALSE
5,6,13,119,3,0,97.3076923076923,63.1344537815126,"Cluster 5",0.00055414746987778,0.0105288019276778,TRUE
5,7,13,78,3,0,66.8461538461538,42.525641025641,"Cluster 5",0.00065108120523321,0.0117194616941978,TRUE
6,7,119,78,0,0,98.8529411764706,99.224358974359,"Cluster 7",0.959736182022752,1,FALSE
