"metric","value"
"input_edge_rows",129
"input_missing_source_ids",0
"input_missing_target_ids",0
"input_missing_weights",0
"input_invalid_weights",0
"input_self_loops",0
"input_duplicate_directed_pair_rows",0
"unique_source_users",122
"unique_target_users",118
"vertices",240
"directed_edges",129
"total_reply_interactions",133
"density",0.0022489539748954
"reciprocity",0
"weak_components",111
"strong_components",240
"largest_weak_component_size",5
"largest_weak_component_proportion",0.0208333333333333
"isolates_in_edge_list_graph",0
"isolate_proportion_in_edge_list_graph",0
"mean_unweighted_degree",1.075
"median_unweighted_degree",1
"mean_weighted_degree_strength",1.10833333333333
"median_weighted_degree_strength",1
"mapped_network_users",128
"unmapped_network_users",112
"ambiguous_network_handle_mappings",0
