"weak_component_id","vertices","directed_edges","reply_interactions","proportion_of_network_vertices","is_largest","size_rank"
72,5,4,4,0.0208333333333333,TRUE,1
3,4,3,3,0.0166666666666667,FALSE,2
14,4,3,4,0.0166666666666667,FALSE,2
27,4,3,3,0.0166666666666667,FALSE,2
30,4,3,3,0.0166666666666667,FALSE,2
15,3,2,2,0.0125,FALSE,6
18,3,2,2,0.0125,FALSE,6
20,3,2,2,0.0125,FALSE,6
43,3,2,2,0.0125,FALSE,6
48,3,2,3,0.0125,FALSE,6
49,3,2,2,0.0125,FALSE,6
60,3,2,2,0.0125,FALSE,6
1,2,1,1,0.00833333333333333,FALSE,13
2,2,1,1,0.00833333333333333,FALSE,13
4,2,1,1,0.00833333333333333,FALSE,13
5,2,1,1,0.00833333333333333,FALSE,13
6,2,1,1,0.00833333333333333,FALSE,13
7,2,1,1,0.00833333333333333,FALSE,13
8,2,1,1,0.00833333333333333,FALSE,13
9,2,1,1,0.00833333333333333,FALSE,13
10,2,1,1,0.00833333333333333,FALSE,13
11,2,1,1,0.00833333333333333,FALSE,13
12,2,1,1,0.00833333333333333,FALSE,13
13,2,1,1,0.00833333333333333,FALSE,13
16,2,1,1,0.00833333333333333,FALSE,13
17,2,1,1,0.00833333333333333,FALSE,13
19,2,1,1,0.00833333333333333,FALSE,13
21,2,1,1,0.00833333333333333,FALSE,13
22,2,1,1,0.00833333333333333,FALSE,13
23,2,1,1,0.00833333333333333,FALSE,13
24,2,1,1,0.00833333333333333,FALSE,13
25,2,1,1,0.00833333333333333,FALSE,13
26,2,1,1,0.00833333333333333,FALSE,13
28,2,1,1,0.00833333333333333,FALSE,13
29,2,1,1,0.00833333333333333,FALSE,13
31,2,1,1,0.00833333333333333,FALSE,13
32,2,1,1,0.00833333333333333,FALSE,13
33,2,1,1,0.00833333333333333,FALSE,13
34,2,1,1,0.00833333333333333,FALSE,13
35,2,1,1,0.00833333333333333,FALSE,13
36,2,1,1,0.00833333333333333,FALSE,13
37,2,1,1,0.00833333333333333,FALSE,13
38,2,1,1,0.00833333333333333,FALSE,13
39,2,1,1,0.00833333333333333,FALSE,13
40,2,1,1,0.00833333333333333,FALSE,13
41,2,1,1,0.00833333333333333,FALSE,13
42,2,1,1,0.00833333333333333,FALSE,13
44,2,1,1,0.00833333333333333,FALSE,13
45,2,1,1,0.00833333333333333,FALSE,13
46,2,1,1,0.00833333333333333,FALSE,13
47,2,1,1,0.00833333333333333,FALSE,13
50,2,1,1,0.00833333333333333,FALSE,13
51,2,1,1,0.00833333333333333,FALSE,13
52,2,1,1,0.00833333333333333,FALSE,13
53,2,1,1,0.00833333333333333,FALSE,13
54,2,1,1,0.00833333333333333,FALSE,13
55,2,1,1,0.00833333333333333,FALSE,13
56,2,1,1,0.00833333333333333,FALSE,13
57,2,1,1,0.00833333333333333,FALSE,13
58,2,1,1,0.00833333333333333,FALSE,13
59,2,1,2,0.00833333333333333,FALSE,13
61,2,1,1,0.00833333333333333,FALSE,13
62,2,1,1,0.00833333333333333,FALSE,13
63,2,1,1,0.00833333333333333,FALSE,13
64,2,1,1,0.00833333333333333,FALSE,13
65,2,1,1,0.00833333333333333,FALSE,13
66,2,1,1,0.00833333333333333,FALSE,13
67,2,1,1,0.00833333333333333,FALSE,13
68,2,1,1,0.00833333333333333,FALSE,13
69,2,1,1,0.00833333333333333,FALSE,13
70,2,1,1,0.00833333333333333,FALSE,13
71,2,1,1,0.00833333333333333,FALSE,13
73,2,1,1,0.00833333333333333,FALSE,13
74,2,1,1,0.00833333333333333,FALSE,13
75,2,1,1,0.00833333333333333,FALSE,13
76,2,1,1,0.00833333333333333,FALSE,13
77,2,1,1,0.00833333333333333,FALSE,13
78,2,1,1,0.00833333333333333,FALSE,13
79,2,1,1,0.00833333333333333,FALSE,13
80,2,1,1,0.00833333333333333,FALSE,13
81,2,1,1,0.00833333333333333,FALSE,13
82,2,1,1,0.00833333333333333,FALSE,13
83,2,1,1,0.00833333333333333,FALSE,13
84,2,1,1,0.00833333333333333,FALSE,13
85,2,1,1,0.00833333333333333,FALSE,13
86,2,1,1,0.00833333333333333,FALSE,13
87,2,1,1,0.00833333333333333,FALSE,13
88,2,1,1,0.00833333333333333,FALSE,13
89,2,1,1,0.00833333333333333,FALSE,13
90,2,1,1,0.00833333333333333,FALSE,13
91,2,1,1,0.00833333333333333,FALSE,13
92,2,1,1,0.00833333333333333,FALSE,13
93,2,1,1,0.00833333333333333,FALSE,13
94,2,1,1,0.00833333333333333,FALSE,13
95,2,1,1,0.00833333333333333,FALSE,13
96,2,1,1,0.00833333333333333,FALSE,13
97,2,1,1,0.00833333333333333,FALSE,13
98,2,1,1,0.00833333333333333,FALSE,13
99,2,1,1,0.00833333333333333,FALSE,13
100,2,1,1,0.00833333333333333,FALSE,13
101,2,1,1,0.00833333333333333,FALSE,13
102,2,1,1,0.00833333333333333,FALSE,13
103,2,1,2,0.00833333333333333,FALSE,13
104,2,1,1,0.00833333333333333,FALSE,13
105,2,1,1,0.00833333333333333,FALSE,13
106,2,1,1,0.00833333333333333,FALSE,13
107,2,1,1,0.00833333333333333,FALSE,13
108,2,1,1,0.00833333333333333,FALSE,13
109,2,1,1,0.00833333333333333,FALSE,13
110,2,1,1,0.00833333333333333,FALSE,13
111,2,1,1,0.00833333333333333,FALSE,13
