"user_id","author_handle","display_label","in_degree","out_degree","total_degree","in_strength","out_strength","total_strength","pagerank","betweenness","in_degree_rank","in_strength_rank","pagerank_rank","betweenness_rank","weak_component_id","in_largest_weak_component"
"did:plc:22qknl7an723rt2kjsbola7u","kriswernowsky.com","kriswernowsky.com",0,1,1,0,1,1,0.00290951411114344,0,119,119,119,1,1,FALSE
"did:plc:23mhm63ih7mb4lmxjkkpnohf","hugmonger.bsky.social","hugmonger.bsky.social",0,1,1,0,1,1,0.00290951411114344,0,119,119,119,1,2,FALSE
"did:plc:2kpgkv4xcyduvylimyapgcj7",,"Unmapped user 1",2,0,2,2,0,2,0.00661914460285132,0,3,3,7,1,3,FALSE
"did:plc:2nhny66zt6xerutuuntfuswm","warboss-lori.bsky.social","warboss-lori.bsky.social",0,1,1,0,1,1,0.00290951411114344,0,119,119,119,1,4,FALSE
"did:plc:2w45zyhuklwihpdc7oj3mi63",,"Unmapped user 2",1,0,1,1,0,1,0.00538260110561536,0,9,13,9,1,5,FALSE
"did:plc:2wmyo7m47aza2yojqjjrtvbe","rozkl.bsky.social","rozkl.bsky.social",0,1,1,0,1,1,0.00290951411114344,0,119,119,119,1,6,FALSE
"did:plc:3prmhuhkn47z7c4cuhxwwwzf",,"Unmapped user 3",1,0,1,1,0,1,0.00538260110561536,0,9,13,9,1,7,FALSE
"did:plc:3s5bjxij5qdfrbm76av3w7sl",,"Unmapped user 4",1,0,1,1,0,1,0.00538260110561536,0,9,13,9,1,8,FALSE
"did:plc:3soxccyzncng7ap4wbman44m","domesticshoggoth.bsky.social","domesticshoggoth.bsky.social",0,1,1,0,1,1,0.00290951411114344,0,119,119,119,1,8,FALSE
"did:plc:44zdzcbsij6zqc3h7eiqy4up",,"Unmapped user 5",1,0,1,1,0,1,0.00538260110561536,0,9,13,9,1,9,FALSE
"did:plc:46wu46w4ulphkjeie5bvpd7t","aidanmcnelis.bsky.social","aidanmcnelis.bsky.social",0,1,1,0,1,1,0.00290951411114344,0,119,119,119,1,10,FALSE
"did:plc:4d47zbcgiidl4gblmkzykbzl","beebosceebo.itch.io","beebosceebo.itch.io",0,1,1,0,1,1,0.00290951411114344,0,119,119,119,1,11,FALSE
"did:plc:4icrpzmw5r5puenhyh7b2wsl","kazanomiya.bsky.social","kazanomiya.bsky.social",0,1,1,0,1,1,0.00290951411114344,0,119,119,119,1,12,FALSE
"did:plc:4ixt3dbvauaisudrqpffal2e",,"Unmapped user 6",1,0,1,1,0,1,0.00538260110561536,0,9,13,9,1,13,FALSE
"did:plc:4kzizy2bd5xh44vealowdcbi",,"Unmapped user 7",1,0,1,1,0,1,0.00352778585976142,0,9,13,117,1,14,FALSE
"did:plc:4llrhdclvdlmmynkwsmg5tdc",,"Unmapped user 8",2,0,2,2,0,2,0.00785568810008729,0,3,3,3,1,15,FALSE
"did:plc:4og7kniw7pmfnlx6pjfd2sxv","ragnarokette.bsky.social","ragnarokette.bsky.social",0,1,1,0,1,1,0.00290951411114344,0,119,119,119,1,16,FALSE
"did:plc:4pgbd43dq7bjxgiguziumdqc",,"Unmapped user 9",1,0,1,1,0,1,0.00538260110561536,0,9,13,9,1,10,FALSE
"did:plc:4u3hwe3p7oy3hoy3amlw7rp2",,"Unmapped user 10",1,0,1,1,0,1,0.00538260110561536,0,9,13,9,1,17,FALSE
"did:plc:4vwkjmijpwzoqulerctaqphs","scarsandhearts.bsky.social","scarsandhearts.bsky.social",0,2,2,0,2,2,0.00290951411114344,0,119,119,119,1,18,FALSE
"did:plc:4watr6uf2g4ojcna6zz4trax",,"Unmapped user 11",1,0,1,1,0,1,0.00538260110561536,0,9,13,9,1,19,FALSE
"did:plc:52aq4ct7ynughy6uk4qyke6f","libertygirl158.bsky.social","libertygirl158.bsky.social",0,1,1,0,1,1,0.00290951411114344,0,119,119,119,1,15,FALSE
"did:plc:57vlzz2egy6eqr4nksacmbht",,"Unmapped user 12",2,0,2,2,0,2,0.00785568810008729,0,3,3,3,1,20,FALSE
"did:plc:5lfgdslvkgl6swnj36dosno7","mossworm.bsky.social","mossworm.bsky.social",0,1,1,0,1,1,0.00290951411114344,0,119,119,119,1,21,FALSE
"did:plc:5vmtthhzfl73ym2nam6ckvv3","orhunemre.bsky.social","orhunemre.bsky.social",0,1,1,0,1,1,0.00290951411114344,0,119,119,119,1,22,FALSE
"did:plc:5yi36x7u3qzyrnotf5x2h7hn","patob.bsky.social","patob.bsky.social",0,1,1,0,1,1,0.00290951411114344,0,119,119,119,1,23,FALSE
"did:plc:63umjc3jjqrv77hc4eehbvw7",,"Unmapped user 13",1,0,1,1,0,1,0.00538260110561536,0,9,13,9,1,24,FALSE
"did:plc:643p6z4ydk2xnwv77maa6eec","adam-lg.bsky.social","adam-lg.bsky.social",1,0,1,1,0,1,0.00538260110561536,0,9,13,9,1,25,FALSE
"did:plc:65pumqeeewslmht3l36liiii","manndelion.bsky.social","manndelion.bsky.social",0,1,1,0,1,1,0.00290951411114344,0,119,119,119,1,26,FALSE
"did:plc:65utjgikjbdwjwbbo4hz6m6a","rockassist.bsky.social","rockassist.bsky.social",0,1,1,0,1,1,0.00290951411114344,0,119,119,119,1,27,FALSE
"did:plc:6dbdbvkx6wmmaib2sk4ll22s","eagleqeye53.bsky.social","eagleqeye53.bsky.social",0,1,1,0,1,1,0.00290951411114344,0,119,119,119,1,28,FALSE
"did:plc:6eyrbzrti6yyqkilw65hv3ok",,"Unmapped user 14",1,0,1,1,0,1,0.00538260110561536,0,9,13,9,1,29,FALSE
"did:plc:6kse464v2q2tvtmdt7rum7fo","jeremyjack33.bsky.social","jeremyjack33.bsky.social",0,2,2,0,2,2,0.00290951411114344,0,119,119,119,1,30,FALSE
"did:plc:6qdzd3cioxjvu3qser2exyrw","kyletague.bsky.social","kyletague.bsky.social",0,1,1,0,1,1,0.00290951411114344,0,119,119,119,1,31,FALSE
"did:plc:6rdthm3ihpqfd7vn2q2ktjrz","colin-fraser.net","colin-fraser.net",0,1,1,0,1,1,0.00290951411114344,0,119,119,119,1,25,FALSE
"did:plc:6rxbzqev2t2jy2wcitfbyjqr",,"Unmapped user 15",2,0,2,2,0,2,0.00661914460285132,0,3,3,7,1,30,FALSE
"did:plc:6wbuez5fdmke5mbvasgza7k6","harth.bsky.social","harth.bsky.social",0,1,1,0,1,1,0.00290951411114344,0,119,119,119,1,7,FALSE
"did:plc:6zq72tchgzxigxat34bhruh7","petefrasermusic.bsky.social","petefrasermusic.bsky.social",1,0,1,1,0,1,0.00538260110561536,0,9,13,9,1,32,FALSE
"did:plc:7534z7ircjndl3loyzsxmuve",,"Unmapped user 16",1,0,1,1,0,1,0.00538260110561536,0,9,13,9,1,33,FALSE
"did:plc:76slocjwttp4afxqimotw3cf",,"Unmapped user 17",1,0,1,1,0,1,0.00538260110561536,0,9,13,9,1,34,FALSE
"did:plc:7djilxz5hxic4aptmhiqm7cj",,"Unmapped user 18",1,0,1,1,0,1,0.00538260110561536,0,9,13,9,1,35,FALSE
"did:plc:7fr7rfgkchogh4s3rb4ewxuz","pollytics.bsky.social","pollytics.bsky.social",0,1,1,0,1,1,0.00290951411114344,0,119,119,119,1,36,FALSE
"did:plc:7gr6wotsof7m53gcr2w3p5wv",,"Unmapped user 19",1,0,1,1,0,1,0.00538260110561536,0,9,13,9,1,37,FALSE
"did:plc:7klubbcc44afloqxgldhrm74",,"Unmapped user 20",1,0,1,1,0,1,0.00538260110561536,0,9,13,9,1,31,FALSE
"did:plc:7n5wwfu5geslodps7kfkrjkm",,"Unmapped user 21",1,0,1,1,0,1,0.00538260110561536,0,9,13,9,1,38,FALSE
"did:plc:7v3menwx74skirmpd47pe47g","aripoppy.bsky.social","aripoppy.bsky.social",0,1,1,0,1,1,0.00290951411114344,0,119,119,119,1,39,FALSE
"did:plc:7whqqga26s4wb4xa4vqurvfo",,"Unmapped user 22",1,0,1,1,0,1,0.00538260110561536,0,9,13,9,1,40,FALSE
"did:plc:amkuy3dcsfpm7s6hxl7dllv4",,"Unmapped user 23",1,0,1,1,0,1,0.00538260110561536,0,9,13,9,1,36,FALSE
"did:plc:amnhdrsyqrmpomj6qdzc3ved","edwing.mstdn.moimeme.ca","edwing.mstdn.moimeme.ca",0,1,1,0,1,1,0.00290951411114344,0,119,119,119,1,41,FALSE
"did:plc:aoqgsg25dvpcubsqkpkr5on2",,"Unmapped user 24",1,0,1,1,0,1,0.00538260110561536,0,9,13,9,1,42,FALSE
"did:plc:bamk3vfncdwawvmdkq4um2fw",,"Unmapped user 25",1,0,1,1,0,1,0.0041460576083794,0,9,13,109,1,43,FALSE
"did:plc:beqfmic6slbh6xp6ol5poguu","ragsmusic.bsky.social","ragsmusic.bsky.social",0,1,1,0,1,1,0.00290951411114344,0,119,119,119,1,44,FALSE
"did:plc:bg3dwca3qw46jqn2jxb52g2g",,"Unmapped user 26",1,0,1,1,0,1,0.00538260110561536,0,9,13,9,1,45,FALSE
"did:plc:bqqmoom6eiznml3kcln47ftd","rwruedii.bsky.social","rwruedii.bsky.social",0,1,1,0,1,1,0.00290951411114344,0,119,119,119,1,46,FALSE
"did:plc:brnnpb6x3pdapjeqqs275gbd",,"Unmapped user 27",1,0,1,1,0,1,0.0041460576083794,0,9,13,109,1,18,FALSE
"did:plc:bu5r2jciq5jov554ii6il7r4",,"Unmapped user 28",1,0,1,1,0,1,0.00538260110561536,0,9,13,9,1,47,FALSE
"did:plc:bxhvzauchaj3lywujhmlzwus",,"Unmapped user 29",1,0,1,1,0,1,0.00538260110561536,0,9,13,9,1,2,FALSE
"did:plc:c6gb7etnhsj26z22h6wp3tu7",,"Unmapped user 30",1,0,1,2,0,2,0.00455823877412472,0,9,3,108,1,48,FALSE
"did:plc:c7a4sekhlsfotoftcixtvxsn","eggmansasshole.bsky.social","eggmansasshole.bsky.social",0,1,1,0,1,1,0.00290951411114344,0,119,119,119,1,47,FALSE
"did:plc:ca7mpbgccma5ozmu2wh42pnz",,"Unmapped user 31",1,0,1,1,0,1,0.00538260110561536,0,9,13,9,1,22,FALSE
"did:plc:cbpvmd3k57wer5kbjqdxn3nq","brx0.bsky.social","brx0.bsky.social",0,1,1,0,1,1,0.00290951411114344,0,119,119,119,1,49,FALSE
"did:plc:ck7shh5lwewgwmpmpok7otpm",,"Unmapped user 32",1,0,1,1,0,1,0.00538260110561536,0,9,13,9,1,50,FALSE
"did:plc:cnyoagvcaroalhb33wen47eg","eleanor.lockhart.contact","eleanor.lockhart.contact",0,1,1,0,1,1,0.00290951411114344,0,119,119,119,1,51,FALSE
"did:plc:cxd7x2jdqgbt5dk7tofu7gvm","thehighwayman37.bsky.social","thehighwayman37.bsky.social",0,1,1,0,1,1,0.00290951411114344,0,119,119,119,1,52,FALSE
"did:plc:czjt3ibnudi7s2skpu3geam5",,"Unmapped user 33",1,0,1,1,0,1,0.00538260110561536,0,9,13,9,1,53,FALSE
"did:plc:d3uc5t3q6vobzk6acdcvldli","cinq-en-sion.bsky.social","cinq-en-sion.bsky.social",0,1,1,0,1,1,0.00290951411114344,0,119,119,119,1,54,FALSE
"did:plc:d5kuwqnbeknmdzvnzly553qt",,"Unmapped user 34",1,0,1,1,0,1,0.00538260110561536,0,9,13,9,1,46,FALSE
"did:plc:ddmzpstxvddj44lvzb2hhh3c",,"Unmapped user 35",1,0,1,1,0,1,0.00538260110561536,0,9,13,9,1,55,FALSE
"did:plc:dj6oxdmirq34ui6zqrvob53r","trannyflora.myatproto.social","trannyflora.myatproto.social",0,1,1,0,1,1,0.00290951411114344,0,119,119,119,1,56,FALSE
"did:plc:dpwpritm3tmba7pyf4r6uqlf","rusni-pizda.bsky.social","rusni-pizda.bsky.social",0,1,1,0,1,1,0.00290951411114344,0,119,119,119,1,57,FALSE
"did:plc:dtg2oeh4jj3lmbcxyxl6nm34","some-news.bsky.social","some-news.bsky.social",1,0,1,1,0,1,0.00538260110561536,0,9,13,9,1,58,FALSE
"did:plc:dua3kl42nv2ggmpiqwzvoqlx",,"Unmapped user 36",1,0,1,2,0,2,0.00538260110561536,0,9,3,9,1,59,FALSE
"did:plc:e2qarfoklzpw6sgbkme4b66n",,"Unmapped user 37",2,0,2,2,0,2,0.00785568810008729,0,3,3,3,1,60,FALSE
"did:plc:e5hpcahhlcviyqfotr3and4b",,"Unmapped user 38",1,0,1,1,0,1,0.00538260110561536,0,9,13,9,1,61,FALSE
"did:plc:ehmvzoyc52jyfoynjy2vu7u4",,"Unmapped user 39",1,0,1,1,0,1,0.00538260110561536,0,9,13,9,1,62,FALSE
"did:plc:eicxbqyadpd5r6g64qe2josj","litbystraylight.bsky.social","litbystraylight.bsky.social",0,1,1,0,1,1,0.00290951411114344,0,119,119,119,1,63,FALSE
"did:plc:eu7itbmnrpzjlcom5zxme3ko",,"Unmapped user 40",1,0,1,1,0,1,0.00538260110561536,0,9,13,9,1,21,FALSE
"did:plc:ewm2hjikmv3euyymqzmp3azi","morganrajan.bsky.social","morganrajan.bsky.social",0,1,1,0,1,1,0.00290951411114344,0,119,119,119,1,64,FALSE
"did:plc:f4rjexjtnxubk6zkzslbrzxa","blueferal.bsky.social","blueferal.bsky.social",0,1,1,0,1,1,0.00290951411114344,0,119,119,119,1,65,FALSE
"did:plc:fa3pc7xjfm4476bnjldxys2f",,"Unmapped user 41",1,0,1,1,0,1,0.00538260110561536,0,9,13,9,1,66,FALSE
"did:plc:fcfedums2jv4jfzvqogatc7i",,"Unmapped user 42",1,0,1,1,0,1,0.00538260110561536,0,9,13,9,1,28,FALSE
"did:plc:fhj7zqi5jd5jvronc6ik7kzu",,"Unmapped user 43",1,0,1,1,0,1,0.00538260110561536,0,9,13,9,1,63,FALSE
"did:plc:fme3ybtqgr6xiidzcpldg37q","lionofperth.bsky.social","lionofperth.bsky.social",0,1,1,0,1,1,0.00290951411114344,0,119,119,119,1,67,FALSE
"did:plc:fqgl2lov4kiox5rrrivgfuqh","acornduck.at.app.wafrn.net","acornduck.at.app.wafrn.net",0,1,1,0,1,1,0.00290951411114344,0,119,119,119,1,68,FALSE
"did:plc:gajxzrnoxaiwex6esujq3lvz","ozzyllinas.bsky.social","ozzyllinas.bsky.social",0,1,1,0,1,1,0.00290951411114344,0,119,119,119,1,69,FALSE
"did:plc:gh254rimuujtpiuvrsk4vgyo",,"Unmapped user 44",1,0,1,1,0,1,0.00538260110561536,0,9,13,9,1,70,FALSE
"did:plc:grtkgem7qp4ersibk2mh3ypn",,"Unmapped user 45",1,0,1,1,0,1,0.00538260110561536,0,9,13,9,1,71,FALSE
"did:plc:gwtci6b4lmze7i4g7a67n6zc",,"Unmapped user 46",1,0,1,1,0,1,0.00538260110561536,0,9,13,9,1,56,FALSE
"did:plc:gx6vtpsfpfkej6hmh66m7frd","mjhopkins81.bsky.social","mjhopkins81.bsky.social",0,1,1,0,1,1,0.00290951411114344,0,119,119,119,1,72,TRUE
"did:plc:h2dzwjvil6cz4mwpm3onklyy","raptornx01.bsky.social","raptornx01.bsky.social",0,1,1,0,1,1,0.00290951411114344,0,119,119,119,1,73,FALSE
"did:plc:ha4gmmdxg6h2prjjltwwcmds","funkelly.bsky.social","funkelly.bsky.social",0,1,1,0,1,1,0.00290951411114344,0,119,119,119,1,3,FALSE
"did:plc:hpnbs37onkidy2podxpqtvc3","benjami.no","benjami.no",1,0,1,1,0,1,0.00538260110561536,0,9,13,9,1,74,FALSE
"did:plc:hptsk6htmqasn4kzx7klibip","one-art-alpha.bsky.social","one-art-alpha.bsky.social",0,2,2,0,2,2,0.00290951411114344,0,119,119,119,1,43,FALSE
"did:plc:hvqup36hwy5klfu2jyfuaqbq",,"Unmapped user 47",1,0,1,1,0,1,0.00538260110561536,0,9,13,9,1,4,FALSE
"did:plc:idhkouai2l4qzihu2j37idgd",,"Unmapped user 48",1,0,1,1,0,1,0.00538260110561536,0,9,13,9,1,67,FALSE
"did:plc:ifnxpomraswgy6t34nrwqqgd",,"Unmapped user 49",1,0,1,1,0,1,0.0041460576083794,0,9,13,109,1,18,FALSE
"did:plc:iicfwrqhdulxk4s6gqu6ytm7","trustnoone78.bsky.social","trustnoone78.bsky.social",0,1,1,0,1,1,0.00290951411114344,0,119,119,119,1,53,FALSE
"did:plc:ijxkdb2iizz74vjzq4xwm7bb","stoneape314.bsky.social","stoneape314.bsky.social",0,1,1,0,1,1,0.00290951411114344,0,119,119,119,1,34,FALSE
"did:plc:il4ugxgsupyqagqvrggl7tld",,"Unmapped user 50",1,0,1,1,0,1,0.00538260110561536,0,9,13,9,1,26,FALSE
"did:plc:it4vfrn3hgrb3hsvvwfltqqa",,"Unmapped user 51",3,0,3,3,0,3,0.0103287750945592,0,2,2,2,1,27,FALSE
"did:plc:iw5qaond4yx347zpux7modm2","pxmonkee.bsky.social","pxmonkee.bsky.social",0,1,1,0,1,1,0.00290951411114344,0,119,119,119,1,13,FALSE
"did:plc:j2r4lrchlwssuvzhpwqq52fm",,"Unmapped user 52",1,0,1,1,0,1,0.00538260110561536,0,9,13,9,1,75,FALSE
"did:plc:j4ot6uzegham4ntzr5d4rws4",,"Unmapped user 53",1,0,1,1,0,1,0.00538260110561536,0,9,13,9,1,76,FALSE
"did:plc:jbr6d6lanclb5jsmywbpmhnm",,"Unmapped user 54",1,0,1,1,0,1,0.00538260110561536,0,9,13,9,1,64,FALSE
"did:plc:jtocuf6vsinb5jj6lpbix4gh","popeguilty.bsky.social","popeguilty.bsky.social",0,1,1,0,1,1,0.00290951411114344,0,119,119,119,1,77,FALSE
"did:plc:jzjlcv3dtmq3hj4ou52nr7zu","manteissystems.bsky.social","manteissystems.bsky.social",0,1,1,0,1,1,0.00290951411114344,0,119,119,119,1,75,FALSE
"did:plc:jzlayd2wb3sgr6dryi36ok72",,"Unmapped user 55",1,0,1,1,0,1,0.00538260110561536,0,9,13,9,1,78,FALSE
"did:plc:k5nskatzhyxersjilvtnz4lh","washingtonpost.com","washingtonpost.com",1,0,1,1,0,1,0.00538260110561536,0,9,13,9,1,79,FALSE
"did:plc:kfwyi6bek4mmxekk46azzcn3","ngsmcphrsn.bsky.social","ngsmcphrsn.bsky.social",0,1,1,0,1,1,0.00290951411114344,0,119,119,119,1,20,FALSE
"did:plc:klngtvquuyugbypgohfh3ftz","panglossphd.bsky.social","panglossphd.bsky.social",0,1,1,0,1,1,0.00290951411114344,0,119,119,119,1,80,FALSE
"did:plc:kwd3olfyx7otticrdi6u54f3","ahegao.bsky.social","ahegao.bsky.social",0,1,1,0,1,1,0.00290951411114344,0,119,119,119,1,62,FALSE
"did:plc:kwiypi24jk74eqizabvi3cwd","mrm-photo.com","mrm-photo.com",0,1,1,0,1,1,0.00290951411114344,0,119,119,119,1,35,FALSE
"did:plc:leh3ov672xybtbrtbrewhsr4",,"Unmapped user 56",1,0,1,1,0,1,0.00538260110561536,0,9,13,9,1,39,FALSE
"did:plc:lineyodgwtbvs6djim67kjgt","queerkitty.bsky.social","queerkitty.bsky.social",0,1,1,0,1,1,0.00290951411114344,0,119,119,119,1,27,FALSE
"did:plc:lmkt6nmp3i6mi7kdl6wqvgo3","nocleverhandle.bsky.social","nocleverhandle.bsky.social",0,1,1,0,1,1,0.00290951411114344,0,119,119,119,1,81,FALSE
"did:plc:lozmph3nfogiyoi23m4qrxus","al.merose.com","al.merose.com",0,1,1,0,1,1,0.00290951411114344,0,119,119,119,1,45,FALSE
"did:plc:lp3i3dhu4kdbp6ynsrcy75ra","lcsdcrz.bsky.social","lcsdcrz.bsky.social",0,1,1,0,1,1,0.00290951411114344,0,119,119,119,1,82,FALSE
"did:plc:lq645sqyk5eskt3445bsjd7s",,"Unmapped user 57",1,0,1,1,0,1,0.00538260110561536,0,9,13,9,1,11,FALSE
"did:plc:m3tumwygm5splh66pk55qiv5","zeldamomoe.bsky.social","zeldamomoe.bsky.social",0,1,1,0,1,1,0.00290951411114344,0,119,119,119,1,19,FALSE
"did:plc:m6b5qgo2443rkba5fdxaisin",,"Unmapped user 58",1,0,1,1,0,1,0.00538260110561536,0,9,13,9,1,83,FALSE
"did:plc:mbhww6tk2n64eibnoebt2s7u",,"Unmapped user 59",1,0,1,1,0,1,0.00538260110561536,0,9,13,9,1,77,FALSE
"did:plc:minulnoxcb7lql35ajeqertc","turnsky.bsky.social","turnsky.bsky.social",0,1,1,0,1,1,0.00290951411114344,0,119,119,119,1,38,FALSE
"did:plc:mixdef3ii3valysmar4uhuln","domiwoof.xxx","domiwoof.xxx",0,1,1,0,1,1,0.00290951411114344,0,119,119,119,1,9,FALSE
"did:plc:mlgnshplxdsuf6qkk3w7flve",,"Unmapped user 60",1,0,1,1,0,1,0.00538260110561536,0,9,13,9,1,84,FALSE
"did:plc:mli5ffhoj5elsts7w236y5sn","paulgino.bsky.social","paulgino.bsky.social",0,1,1,0,1,1,0.00290951411114344,0,119,119,119,1,85,FALSE
"did:plc:mmc5zrv5i4h6xmtpps2unkho","california460.bsky.social","california460.bsky.social",0,2,2,0,3,3,0.00290951411114344,0,119,119,119,1,48,FALSE
"did:plc:mthktzniljcvhf7hnohptifs","shad0.bsky.social","shad0.bsky.social",0,1,1,0,1,1,0.00290951411114344,0,119,119,119,1,86,FALSE
"did:plc:n2spsii2ywzwdmwpfhsuhtcp","denisovian.bsky.social","denisovian.bsky.social",0,1,1,0,1,1,0.00290951411114344,0,119,119,119,1,87,FALSE
"did:plc:n32l642bs2qtjzev73e6n5ci","loneashlander.bsky.social","loneashlander.bsky.social",0,1,1,0,1,1,0.00290951411114344,0,119,119,119,1,88,FALSE
"did:plc:njwcnt4qsdno2lhebdq34m2o",,"Unmapped user 61",1,0,1,1,0,1,0.00538260110561536,0,9,13,9,1,80,FALSE
"did:plc:nweoznzqqqgkvkhw4zair7fb","jalex32x.bsky.social","jalex32x.bsky.social",0,1,1,0,1,1,0.00290951411114344,0,119,119,119,1,15,FALSE
"did:plc:nyjm4ylfid2a7mjm6varxuiq",,"Unmapped user 62",1,0,1,1,0,1,0.00538260110561536,0,9,13,9,1,6,FALSE
"did:plc:o6ib2fginsufaplmi2omb2zv","mattprorok.bsky.social","mattprorok.bsky.social",0,1,1,0,1,1,0.00290951411114344,0,119,119,119,1,49,FALSE
"did:plc:ocytsitctktxvp4k3n2edgta",,"Unmapped user 63",1,0,1,1,0,1,0.00538260110561536,0,9,13,9,1,23,FALSE
"did:plc:ohcsb6tjornk4ybhvw4ibivg","punishedjiv.bsky.social","punishedjiv.bsky.social",0,1,1,0,1,1,0.00290951411114344,0,119,119,119,1,76,FALSE
"did:plc:ohrghfm2tnjqyyxjh5y3224n",,"Unmapped user 64",1,0,1,1,0,1,0.00538260110561536,0,9,13,9,1,1,FALSE
"did:plc:omq25oxpmbeo5vmgsvzr3grk",,"Unmapped user 65",1,0,1,1,0,1,0.00538260110561536,0,9,13,9,1,54,FALSE
"did:plc:opq5phhuquxppobexcp2cm4y",,"Unmapped user 66",1,0,1,1,0,1,0.00538260110561536,0,9,13,9,1,57,FALSE
"did:plc:orjbkrryofq3bb6gtbt2tcz7","foxonsilverfur.bsky.social","foxonsilverfur.bsky.social",0,1,1,0,1,1,0.00290951411114344,0,119,119,119,1,89,FALSE
"did:plc:ovvxxktnggqglkkwfxdpscf2",,"Unmapped user 67",1,0,1,1,0,1,0.00538260110561536,0,9,13,9,1,16,FALSE
"did:plc:p3dey7reexgo7k6kuyzsl22d","darjr.bsky.social","darjr.bsky.social",0,1,1,0,1,1,0.00290951411114344,0,119,119,119,1,84,FALSE
"did:plc:pad4tur3vtqja7abwejzq3q7",,"Unmapped user 68",1,0,1,1,0,1,0.00538260110561536,0,9,13,9,1,90,FALSE
"did:plc:payuapqszsctf5qtj6hsa3jo","supitscarrie.bsky.social","supitscarrie.bsky.social",0,1,1,0,1,1,0.00290951411114344,0,119,119,119,1,91,FALSE
"did:plc:pis2pbkxmm4n3si3w4vbvirz","waltermuller.bsky.social","waltermuller.bsky.social",0,1,1,0,1,1,0.00290951411114344,0,119,119,119,1,92,FALSE
"did:plc:q2ir5ytk5gt5smdc6sodglxd",,"Unmapped user 69",1,0,1,1,0,1,0.0041460576083794,0,9,13,109,1,43,FALSE
"did:plc:q5qhlb544dnf5qx4hvprwnh5",,"Unmapped user 70",1,0,1,1,0,1,0.00538260110561536,0,9,13,9,1,93,FALSE
"did:plc:qdzhpxeql7myqv5j3jynm5ru","jakepaulsartre.bsky.social","jakepaulsartre.bsky.social",0,1,1,0,1,1,0.00290951411114344,0,119,119,119,1,94,FALSE
"did:plc:qehotpax7in45htleeliolds","stevewolgast.bsky.social","stevewolgast.bsky.social",0,1,1,0,1,1,0.00290951411114344,0,119,119,119,1,95,FALSE
"did:plc:qiknc4t5rq7yngvz7g4aezq7",,"Unmapped user 71",1,0,1,1,0,1,0.00538260110561536,0,9,13,9,1,96,FALSE
"did:plc:qkdhh5qqywsxc5wpq4n2nkue",,"Unmapped user 72",1,0,1,1,0,1,0.00538260110561536,0,9,13,9,1,97,FALSE
"did:plc:qofgxv4ppoqxyjt572znr46a","swandog.bsky.social","swandog.bsky.social",0,1,1,0,1,1,0.00290951411114344,0,119,119,119,1,66,FALSE
"did:plc:qt7tzh35jjjt3z3kutqjdwvd",,"Unmapped user 73",1,0,1,1,0,1,0.00538260110561536,0,9,13,9,1,52,FALSE
"did:plc:qteqxjfjmtxkg3uxqoitqgrm","robairone.bsky.social","robairone.bsky.social",0,1,1,0,1,1,0.00290951411114344,0,119,119,119,1,5,FALSE
"did:plc:qunbjmkvl5wlhe2eygfst6kt",,"Unmapped user 74",1,0,1,2,0,2,0.0041460576083794,0,9,3,109,1,14,FALSE
"did:plc:qutxerevidwlzend6nfzix4y","stylistic.bsky.social","stylistic.bsky.social",0,1,1,0,1,1,0.00290951411114344,0,119,119,119,1,32,FALSE
"did:plc:qxddxevtvd6ow6zttzo32rct",,"Unmapped user 75",1,0,1,1,0,1,0.00538260110561536,0,9,13,9,1,85,FALSE
"did:plc:qxudeqrdbv6676vzjssrhllo",,"Unmapped user 76",4,0,4,4,0,4,0.0128018620890311,0,1,1,1,1,72,TRUE
"did:plc:r2bjwiwlhmo26hh2sz27fqf3",,"Unmapped user 77",1,0,1,1,0,1,0.00538260110561536,0,9,13,9,1,44,FALSE
"did:plc:r3xj5tbeou3s4rb354if3oof",,"Unmapped user 78",1,0,1,1,0,1,0.00538260110561536,0,9,13,9,1,98,FALSE
"did:plc:r5hd6dgqsxcrd45thpugvagu","beninquiring.bsky.social","beninquiring.bsky.social",0,1,1,0,1,1,0.00290951411114344,0,119,119,119,1,99,FALSE
"did:plc:rjy6bisq6qr7s4igo76dljko",,"Unmapped user 79",1,0,1,1,0,1,0.00538260110561536,0,9,13,9,1,91,FALSE
"did:plc:rnma6rthdc6ro5giv3xq2hda",,"Unmapped user 80",1,0,1,1,0,1,0.00538260110561536,0,9,13,9,1,100,FALSE
"did:plc:rp3bjnjyybrzohzqvtldwyql","morgankbell.bsky.social","morgankbell.bsky.social",0,1,1,0,1,1,0.00290951411114344,0,119,119,119,1,97,FALSE
"did:plc:rtjcwrrc6f2lkildglhz3zyj","mlobelart.bsky.social","mlobelart.bsky.social",0,1,1,0,1,1,0.00290951411114344,0,119,119,119,1,101,FALSE
"did:plc:ry3tdvmhs7zebprlhdzw4ne7","boopcat.bsky.social","boopcat.bsky.social",0,1,1,0,1,1,0.00290951411114344,0,119,119,119,1,61,FALSE
"did:plc:s5qrnmbssyaemtyx6h6236yk","9021007.xyz","9021007.xyz",0,2,2,0,2,2,0.00290951411114344,0,119,119,119,1,3,FALSE
"did:plc:sc3l2vtdhs6qbsoiyica7gka","alecmcelcheran.bsky.social","alecmcelcheran.bsky.social",0,1,1,0,1,1,0.00290951411114344,0,119,119,119,1,102,FALSE
"did:plc:sfvmxfq5xbg7csu2su7rphi6","ng6666.bsky.social","ng6666.bsky.social",0,1,1,0,2,2,0.00290951411114344,0,119,119,119,1,103,FALSE
"did:plc:sk6jryjhuavqchpa53jlcsyu",,"Unmapped user 81",1,0,1,1,0,1,0.00538260110561536,0,9,13,9,1,92,FALSE
"did:plc:spexcfbsyw76bcpol4qwlgw7","quetzi.bsky.social","quetzi.bsky.social",0,1,1,0,1,1,0.00290951411114344,0,119,119,119,1,42,FALSE
"did:plc:suoxeryxb3diftqmsgkcfiud","rolfje.com","rolfje.com",0,1,1,0,1,1,0.00290951411114344,0,119,119,119,1,104,FALSE
"did:plc:suvhp7rsyxg2ekx77gtfuup5",,"Unmapped user 82",1,0,1,1,0,1,0.00538260110561536,0,9,13,9,1,81,FALSE
"did:plc:szpeqpgmgd7zwnuptjhordjh",,"Unmapped user 83",1,0,1,1,0,1,0.00538260110561536,0,9,13,9,1,94,FALSE
"did:plc:t3jxu5madb4b63hnjc4b6hdn",,"Unmapped user 84",1,0,1,2,0,2,0.00538260110561536,0,9,3,9,1,103,FALSE
"did:plc:tayqs74rfac4ari6komj76ea",,"Unmapped user 85",1,0,1,1,0,1,0.00538260110561536,0,9,13,9,1,87,FALSE
"did:plc:tbig7qnx4o5ylp5v23w577vl",,"Unmapped user 86",1,0,1,1,0,1,0.00538260110561536,0,9,13,9,1,99,FALSE
"did:plc:tbuqmt45vauue7msmqcth2ay",,"Unmapped user 87",1,0,1,1,0,1,0.00538260110561536,0,9,13,9,1,82,FALSE
"did:plc:tev4h3tjxv4f4dtazzcxtd77","cousycousy.bsky.social","cousycousy.bsky.social",0,1,1,0,1,1,0.00290951411114344,0,119,119,119,1,20,FALSE
"did:plc:thevjemciy7kvuvgqaeswfde",,"Unmapped user 88",1,0,1,1,0,1,0.00538260110561536,0,9,13,9,1,105,FALSE
"did:plc:tjrgt53an6xdet6o6niobzpe","laurenrjones.bsky.social","laurenrjones.bsky.social",0,1,1,0,1,1,0.00290951411114344,0,119,119,119,1,106,FALSE
"did:plc:tnszymuwepbvhdva2hvxxgns","maxxsmediaminutes.bsky.social","maxxsmediaminutes.bsky.social",0,1,1,0,1,1,0.00290951411114344,0,119,119,119,1,60,FALSE
"did:plc:tupsjio6kve7i7vckv4twbpz",,"Unmapped user 89",1,0,1,1,0,1,0.00538260110561536,0,9,13,9,1,107,FALSE
"did:plc:ubbybxfh6if3ocvteampfxpv",,"Unmapped user 90",1,0,1,1,0,1,0.00538260110561536,0,9,13,9,1,95,FALSE
"did:plc:uc5o3uwhggmtyzrikttgm6z3",,"Unmapped user 91",1,0,1,1,0,1,0.00538260110561536,0,9,13,9,1,108,FALSE
"did:plc:uc6xfc2fyn7z3mk56vkroall","ecutruin.bsky.social","ecutruin.bsky.social",0,3,3,0,4,4,0.00290951411114344,0,119,119,119,1,14,FALSE
"did:plc:ueh6qniv3zy6zxiglkjxwtcs","satsuki-aoi-alt.bsky.social","satsuki-aoi-alt.bsky.social",0,1,1,0,1,1,0.00290951411114344,0,119,119,119,1,109,FALSE
"did:plc:ufhy54ojnrhk5gtg2v4cvu3j","jfchose.bsky.social","jfchose.bsky.social",0,1,1,0,1,1,0.00290951411114344,0,119,119,119,1,37,FALSE
"did:plc:uqzbu2tahyqahmlppkedyole",,"Unmapped user 92",1,0,1,1,0,1,0.00538260110561536,0,9,13,9,1,109,FALSE
"did:plc:urrjvjmc7sowchg3ph322pbr",,"Unmapped user 93",1,0,1,1,0,1,0.00538260110561536,0,9,13,9,1,65,FALSE
"did:plc:usldrq5nl7cazhcvjswhyby7","rakista.bsky.social","rakista.bsky.social",0,1,1,0,1,1,0.00290951411114344,0,119,119,119,1,100,FALSE
"did:plc:utrdz24mcbfcxor2bo2t6jsh","shiftykitsune.bsky.social","shiftykitsune.bsky.social",0,1,1,0,1,1,0.00290951411114344,0,119,119,119,1,50,FALSE
"did:plc:uufz3dvrdnbm6ptii46y7j7u","charleswlogan.bsky.social","charleswlogan.bsky.social",1,0,1,1,0,1,0.00538260110561536,0,9,13,9,1,69,FALSE
"did:plc:uxp47xg3bjtbyppf6vnmdfbo","sharktopussy.bsky.social","sharktopussy.bsky.social",0,1,1,0,2,2,0.00290951411114344,0,119,119,119,1,59,FALSE
"did:plc:v6ra4fjyu6xlgma6p5r5iek5","lomig.bzh","lomig.bzh",0,1,1,0,1,1,0.00290951411114344,0,119,119,119,1,55,FALSE
"did:plc:vcyeykihhfrhlrma5ulidljg",,"Unmapped user 94",1,0,1,1,0,1,0.00538260110561536,0,9,13,9,1,51,FALSE
"did:plc:vjyot2w7zeomrslomwpfxirl",,"Unmapped user 95",1,0,1,1,0,1,0.00538260110561536,0,9,13,9,1,104,FALSE
"did:plc:vluepuvmlkxdrz5rtlglin5e",,"Unmapped user 96",1,0,1,1,0,1,0.00538260110561536,0,9,13,9,1,106,FALSE
"did:plc:vovinwhtulbsx4mwfw26r5ni",,"Unmapped user 97",2,0,2,2,0,2,0.00785568810008729,0,3,3,3,1,49,FALSE
"did:plc:vp3irkl7h5mcc55ny7fdxa33","707kat.bsky.social","707kat.bsky.social",0,1,1,0,1,1,0.00290951411114344,0,119,119,119,1,74,FALSE
"did:plc:vra3q2dpsosx3kypujjdubwa","siouxsieetc.bsky.social","siouxsieetc.bsky.social",0,1,1,0,1,1,0.00290951411114344,0,119,119,119,1,83,FALSE
"did:plc:vsatbybm6epju3umdxjo2uzf",,"Unmapped user 98",1,0,1,1,0,1,0.00538260110561536,0,9,13,9,1,88,FALSE
"did:plc:vwmwu76t2uagqwcmxf5fwidj","jame5on.bsky.social","jame5on.bsky.social",0,1,1,0,1,1,0.00290951411114344,0,119,119,119,1,108,FALSE
"did:plc:vxhkz22ruh2ugchkmzqwb74l",,"Unmapped user 99",1,0,1,1,0,1,0.00538260110561536,0,9,13,9,1,12,FALSE
"did:plc:vyjippuuhxmb6xkpcgys67c5","esther493.bsky.social","esther493.bsky.social",0,1,1,0,1,1,0.00290951411114344,0,119,119,119,1,72,TRUE
"did:plc:vzu7j24crqmawkevzi3i6n3v",,"Unmapped user 100",1,0,1,1,0,1,0.00538260110561536,0,9,13,9,1,73,FALSE
"did:plc:w2rubwwyrxgf77rznnsgv5zg","pharmacyfruitbat.bsky.social","pharmacyfruitbat.bsky.social",0,1,1,0,1,1,0.00290951411114344,0,119,119,119,1,90,FALSE
"did:plc:w4ffuc5kesc6byiedumxttez",,"Unmapped user 101",1,0,1,1,0,1,0.0041460576083794,0,9,13,109,1,30,FALSE
"did:plc:w7au2nx6h6dmitskrbprkqd4","barbie68.bsky.social","barbie68.bsky.social",0,1,1,0,1,1,0.00290951411114344,0,119,119,119,1,98,FALSE
"did:plc:wegwfz3gsd54zuvnda6egfky","stefsull.bsky.social","stefsull.bsky.social",0,1,1,0,1,1,0.00290951411114344,0,119,119,119,1,78,FALSE
"did:plc:wgn3vr7tz23up3n7wtlbncz6",,"Unmapped user 102",1,0,1,1,0,1,0.00538260110561536,0,9,13,9,1,102,FALSE
"did:plc:wki7fu2qr3l5md52ej25gjjh",,"Unmapped user 103",1,0,1,1,0,1,0.00538260110561536,0,9,13,9,1,41,FALSE
"did:plc:wl4yqrcbtaaykjpslissa4in","vinkius-mcp-ai.bsky.social","vinkius-mcp-ai.bsky.social",0,1,1,0,1,1,0.00290951411114344,0,119,119,119,1,71,FALSE
"did:plc:wvauhk2kzu5qxtemqvpkqk2e","ellisor.net","ellisor.net",0,1,1,0,1,1,0.00290951411114344,0,119,119,119,1,27,FALSE
"did:plc:wvlbhx2c2srslifqzdiyaqpt",,"Unmapped user 104",1,0,1,1,0,1,0.00538260110561536,0,9,13,9,1,68,FALSE
"did:plc:wwym6cglvbd5odxfkykn2uh2",,"Unmapped user 105",1,0,1,1,0,1,0.00538260110561536,0,9,13,9,1,110,FALSE
"did:plc:x2nmgyxjqnv7zjsi2mr6uuul","ladypup.bsky.social","ladypup.bsky.social",0,1,1,0,1,1,0.00290951411114344,0,119,119,119,1,17,FALSE
"did:plc:xbh36dwbaymoihiybrcs3h7o","trenchdiggr.bsky.social","trenchdiggr.bsky.social",0,1,1,0,1,1,0.00290951411114344,0,119,119,119,1,24,FALSE
"did:plc:xdwo6pqw7ahphu2egtjukpj3","feenavan2099.bsky.social","feenavan2099.bsky.social",0,1,1,0,1,1,0.00290951411114344,0,119,119,119,1,33,FALSE
"did:plc:xtn5ccsmygqeyzqi7bdfnw3t","mxm0narch.blacksky.app","mxm0narch.blacksky.app",0,1,1,0,1,1,0.00290951411114344,0,119,119,119,1,60,FALSE
"did:plc:xzs6unlaxszbl2yj7kni2vjy",,"Unmapped user 106",1,0,1,1,0,1,0.00538260110561536,0,9,13,9,1,86,FALSE
"did:plc:y4ddaq7wmxnn5t5egihzpmwz",,"Unmapped user 107",1,0,1,1,0,1,0.00538260110561536,0,9,13,9,1,89,FALSE
"did:plc:y6alliolnbnez6f6odwtsele","currentlyquang.xyz","currentlyquang.xyz",0,1,1,0,1,1,0.00290951411114344,0,119,119,119,1,40,FALSE
"did:plc:y7e6yapc5wfz5z7rvrxfun4b",,"Unmapped user 108",1,0,1,1,0,1,0.00538260110561536,0,9,13,9,1,101,FALSE
"did:plc:yicaavjke52kvmije5o3qumu","jeffflax.bsky.social","jeffflax.bsky.social",0,1,1,0,1,1,0.00290951411114344,0,119,119,119,1,79,FALSE
"did:plc:yitjux5wnswziabxdhvkydll","labeler-prototype.bsky.social","labeler-prototype.bsky.social",0,1,1,0,1,1,0.00290951411114344,0,119,119,119,1,58,FALSE
"did:plc:yiv7qnem6bg5mt464feihy2n",,"Unmapped user 109",1,0,1,1,0,1,0.0041460576083794,0,9,13,109,1,3,FALSE
"did:plc:yquauhwflfx2bt42amhodx6v","andrewfalconer.bsky.social","andrewfalconer.bsky.social",0,1,1,0,1,1,0.00290951411114344,0,119,119,119,1,72,TRUE
"did:plc:ysvjeg3zvk5y5f2wao6qzr7l","gorelsan.bsky.social","gorelsan.bsky.social",0,1,1,0,1,1,0.00290951411114344,0,119,119,119,1,110,FALSE
"did:plc:ytukmthy3xszqlkajl36wxkc","youngpascal.bsky.social","youngpascal.bsky.social",0,1,1,0,1,1,0.00290951411114344,0,119,119,119,1,70,FALSE
"did:plc:yumwqqqcmimdjuy7npelf2jr","davidvyancey.bsky.social","davidvyancey.bsky.social",0,1,1,0,1,1,0.00290951411114344,0,119,119,119,1,72,TRUE
"did:plc:yvaukf3rveoai7k72inajzhv","choubacha.com","choubacha.com",0,1,1,0,1,1,0.00290951411114344,0,119,119,119,1,111,FALSE
"did:plc:yw6rtd44qq4m3cv4fpajj3xw","kevin-mcerlean.bsky.social","kevin-mcerlean.bsky.social",0,1,1,0,1,1,0.00290951411114344,0,119,119,119,1,30,FALSE
"did:plc:yx2kdecunax3u2ykbyxu7f3w","jpixelanimations.bsky.social","jpixelanimations.bsky.social",0,1,1,0,1,1,0.00290951411114344,0,119,119,119,1,105,FALSE
"did:plc:z736vqqynnoe6dzfgs3cilvm","relieffromtrump.bsky.social","relieffromtrump.bsky.social",0,1,1,0,1,1,0.00290951411114344,0,119,119,119,1,107,FALSE
"did:plc:zftsnmv3oeatoag66zia5sfu",,"Unmapped user 110",1,0,1,1,0,1,0.00538260110561536,0,9,13,9,1,111,FALSE
"did:plc:zh6joxbagyrpe2sapdwlxdzp","albertl.bsky.social","albertl.bsky.social",0,1,1,0,1,1,0.00290951411114344,0,119,119,119,1,96,FALSE
"did:plc:zo7j4sovkfad45yocv6mu5mj","nashiez.bsky.social","nashiez.bsky.social",0,1,1,0,1,1,0.00290951411114344,0,119,119,119,1,93,FALSE
"did:plc:zvbhd66gjci62kxtzd3eh2v4","gabbklein.myatproto.social","gabbklein.myatproto.social",0,1,1,0,1,1,0.00290951411114344,0,119,119,119,1,29,FALSE
"did:plc:zvgnnx7oncrqqqlwmhqiccpv",,"Unmapped user 111",1,0,1,1,0,1,0.00373387644263408,0,9,13,116,1,48,FALSE
"did:plc:zzidgcorsqwgfplbrwl6xthn",,"Unmapped user 112",1,0,1,1,0,1,0.00352778585976142,0,9,13,117,1,14,FALSE
