post_id,text,likes,reposts,replies,relevant
bafyreidh2kqufrms3lila3dxaljhpzlr7dfys5hm52psrtadboh3fbutia,Attorney General Letitia James appointed special prosecutor in alleged Cornell ‘gang rape’ case,0,0,0,FALSE
bafyreifsfbkavjqkgsslvmjfvteymajzzc4is7obc3q22enixaqtnb5afe,City Council will hold a rare full-Council committee on Monday to discuss the risks of artificial intelligence. Here's what you need to know.,2,0,0,TRUE
bafyreicj3krg3ggjfvo7b3rc6sy3wtgv5nqbjlv32i7pl4nwcd7opkevqm,"FAIR ACT UPDATE: By a 5-0 vote, the Senate Labor Committee on Oct. 1 advanced S4075, otherwise known as the FAIR Act, which regulates use of artificial intelligence-based systems for electronic monitoring regarding employment and public services. Learn more here:
fairactnj.org",0,0,0,TRUE
bafyreicevr6jjzwniklowwhfkglzayf3vdyn23tr4dbrcvqarycg24dawa,"Meta: Now smart glasses will have AI, camera and capabilities reminiscent of a sci-fi movie

Meta attempts to transfer to a pair of glasses, functions that until now required separate devices, such as a VR headset, a computer, a TV or a smartphone Another step towards the integration of artificial…",0,0,0,TRUE
bafyreigj4aefcjmjdfrtglvijszscjxmww37cowjudg3yvksaowcmrdcta,Kelly Clarkson is getting candid about what she calls her “controversial” thoughts on artificial intelligence.,0,0,0,TRUE
bafyreihchh6bept22gmcwxhmvmnzgnw4p2mr4esxv55p2tr7sxoajzty7u,"In a speech in Chattanooga, IonQ CEO Niccolo de Masi said quantum computing is developing faster than the industry expected, echoing executives of artificial intelligence companies.

""It's gonna frankly come running towards us like a freight train,"" de Masi said.",0,0,0,TRUE
bafyreicaghwexacg3c7cm44oitqb67lcqbs6ztak6fkjpzlqgennq22gny,Senator introduces bill to protect workers during AI boom,0,0,0,TRUE
bafyreidh54nz4jmfupwgop622lh537x3xem66auv2o66yvgnkjo7jvocse,"Israel’s elections may increasingly be surrounded by artificial intelligence, deepfakes, and online disinformation, but the actual process of casting and counting a ballot remains strikingly old-fashioned. 
www.jpost.com/israel-elect...",0,0,0,TRUE
bafyreiglrsyf2qu2sihijplea2lkzxjr4et7ypxuc6x6wagcc6o5kmjl7e,"More kids are using AI for companionship - and it's making them lonely
->Vox | More on ""Artificial intelligence and child development"" at BigEarthData.ai | #AI",0,0,0,TRUE
bafyreibk24xewhtwzy4aablp4nozq6ayhqw3spl6yxpl2ed2rfxynrjfwy,"
#artificial intelligence   #government   #intelligence   #investor
🌐 www.newsmart.ch",0,0,0,TRUE
bafyreihzmmkeoxt22p256e2rvqg6uypdvwqwozbuwju7rqglqxah2ytfxi,"The fact remains, AI is basically stolen words written by tens of thousands of people, attempted to remade  profitable for a few.
apnews.com/article/trum...",0,0,0,TRUE
bafyreif3a7kydmqookzrdqp7o3lyun2zjzw626rko6ustvhx24dnrtugoi,,0,0,0,FALSE
bafyreiewj7llcta2aw32g4biixwfeqj7hfjzfifx4gt2ehjjn3tph7qrlm,"GHOST IN THE MACHINE

traces the origins of  ""AI"" and excavates the cultural, political, and philosophical drivers behind a worldwide #AI boom

#Eugenics
#TESCREAL
#Longtermism
#EffectiveAltruism

Excellent context behind the
piece from Democracy Now!
& #TimnitGebru

9/14/26
youtu.be/dLQzVLtvdv8?...",0,0,0,TRUE
bafyreidvr65ez7dy434h7d55viwbz4ajv3a37ofjr6tsw3rro6llxm5t6u,"Corporate America is using Artificial Intelligence to rip us off by tailoring prices to  gouge and squeeze money out of us… and where does the majority if Corporate Donations go? To Republicans! 
Vote Blue to save yourself and your bank account!",0,0,0,TRUE
bafyreihn3225mirc2wcawoovj3wnmqkezajbm5mtqdajj7mcrl3enqslny,"Wall Street banks are ramping up AI hiring as they look for workers who can build, manage, and oversee AI systems as they move into everyday banking operations. thecrosswiredaily.com/tech-news/wa...",0,0,0,TRUE
bafyreia5sgq56b4xw4mhkay7auawyjjmfktbqt37gw5xhetgqds76543bu,"""Japanese technology group Toshiba plans to double production capacity for hard disk drives used in artificial intelligence data centers within fiscal 2027 as the AI boom propels data storage demand"" asia.nikkei.com/business/ele...",0,0,0,TRUE
bafyreihdmt3gdsjmv5ddiq4zb4fynt5gleclfsgsw5mvayoasi26qxdknq,"
#artificial intelligence   #electricity   #gas   #intelligence   #power   #Texas
🌐 www.newsmart.ch",0,0,0,TRUE
bafyreifqm6miahsatwduy5ysjac5klysnko2ftly7dr6cy7gc6jbefyjja,"And that residual myopia is what’s making me unable to see. I’m having extreme difficulty reading. Right now, I’m only able to make this post because I’m relying on artificial intelligence that can transcribe my dictated text and translate it into English in real time, since I can’t see properly.",0,0,1,TRUE
bafyreihor3yn7g6b6k4pdqtpfeseyn5cvh3puddscrdz2jaxbef3uh5a6a,"What's real and what's fake? How AI is impacting Brazil's election race
With just two days to go before the first round of Brazil's presidential election, artificial intelligence is taking centre stage, whether it's a deepfake avatar of former president Jair Bolsonaro to support his son's",0,0,1,TRUE
bafyreia3pe6jbft42e4tgiziobhvpu3ntyljs3vf3nyoynczz6xyw46tq4,www.yahoo.com/news/politic...,0,0,0,FALSE
bafyreigkrfkk3fptarwpfcc3vkewlo6ktiaic56kydboadslz6wqohfn4e,US equity funds post second weekly inflow as AI optimism tempers yield concerns reut.rs/4z82noe,2,0,1,TRUE
bafyreid7555pojgcvvet5gsjrddromabnqbouvyq2cpckic3m4tbfjvptu,the maia in maia artificial intelligence agent stands for maia artificial intelligence agent and the maia in maia artificial intelligence agent stands for maia artificial intelligence agent and the maia in maia artificial intelligence agent stands for maia artificial intelligence agent,0,0,0,TRUE
bafyreifpalcutrvezgoiamtavka4fqoz2cz7vnpviuuja45fm4mohdfyly,"Tech Giants Face AI Bubble as Investment Nears Dot-Com Levels, Famed Investor Warns www.theenergymix.com/tech-giants-... wow! lots of questions here. great article",0,0,0,TRUE
bafyreig2qp4upghsikducdfhvnh5woxl3l2eyuxgfl5zmh5k63mgwrk5m4,,0,0,0,FALSE
bafyreiahq42tw4ejachu3bbn37kkfdzs6fgka7bahariklhecjs2fxvrdu,"The reality is … the eventual inmates (foxes) are currently running (guarding) the administration (henhouse); the lies the MAGA GOP cult members tell the world are actually projections of their own activities! 😞

Somebody Call the Self-Police
leejudge.substack.com/p/somebody-c...",0,0,0,FALSE
bafyreiczfeirs52626sovfch3i6p3yhw2p277ri4rfuya7lhyh5k6qgr3i,"Super interesting read and definitely relevant to conversations *I* have been having as a member of my union's bargaining committee - within the committee, but also with rank and file members who are concerned about our employer's attitude on this stuff!",0,0,0,FALSE
bafyreigwe7suvdsw5cseysm6xtic6qmyefkktgo6f25chxvspz3ljx5nym,"100 million deaths can't be settled with a lawsuit, Bill Gat ..

Read more at:
m.timesofindia.com/articleshow/...",1,1,0,FALSE
bafyreiafdvwsp3dmgv5e5pqgch53jbpzaulqbrhtkgt26cwoppy2mrlbnu,"Microsoft says threat actors are ahead in the early AI race
www.bleepingcomputer.com/news/securit...
Microsoft's 2026 Digital Defense Report,
cdn-dynmedia-1.microsoft.com/is/content/m...",0,0,0,TRUE
bafyreienijfi6k5y4roseogsc5wh44yjjv2z5uttaucevb7fln5w7acsj4,Magnuson on Artificially Intelligent Markets,0,0,0,TRUE
bafyreicefjywgnsw3gvbcvaodmocmekt7szploogohgfhytlmy63oglpv4,"#DEEPDIVE: Algorithmic Fractures in the Global South: How Generative AI is Rewriting Electoral Integrity in Brazil

With just two days to go before the first round of Brazil's presidential election, artificial intelligence is taking centre stage, whether it's a deepfake avatar of former presiden...",0,0,0,TRUE
bafyreiebjeni3zvkd7ds4jhjjrsrnx4xdrcdfgf6nh3cx2m3um77ww5vqi,"What's real and what's fake? How AI is impacting Brazil's election race

(Source: France 24)

france24.com",0,0,0,TRUE
bafyreich56thay5ba7ybhevoqyrkv74z6rhhh3jbyz4gshwk3dfseo5aae,"An urgent call has been made for immediate action on artificial intelligence, with a warning that this could be the most significant technological revolution since the Internet. 

Click to read more!

#NY #CitizenPortal #EconomicImpact #FuturePolicy #NewYorkAI #TechnologyRevolution",0,0,0,TRUE
bafyreica2jrrza7qgdqkvxwklhq6ctq7xrpcpxk3wn36lbffuxmiq5hwfm,"Stijn van Nieuwerburgh at Columbia business has a paper in Brookings for fall 2026 looking at how much $ this buildout bubble is gonna Hoover up -needs to Hoover up- and it’s like 3% of gdp. Every year. Just to buildout the physical plant, before rents. 

papers.ssrn.com/sol3/papers....",1,0,0,FALSE
bafyreicflqrmi6ogupffjfdczmj5qkgf4jr4xwqz5scipuefhsxyfrglum,More arguments for the Universal Bone Dissolver. Now with graphs. www.nytimes.com/2026/10/02/o...,1,1,0,FALSE
bafyreicrhj73kv2qhlohuuulqp3grcawy7ziv6jldbyftzpw2ewo2fce34,We Love the Internet 2026/40: The Destroy any website edition curiouslypersistent.wordpress.com/2026/10/02/w...,0,0,0,FALSE
bafyreigrny7vy2oftaoarzqbzc3pn3yrfucjzsjwdcx7c2yszw4zj2ybbe,"In this era of artificial intelligence, it is becoming urgent to distinguish human art from what machines produce. 1/3",9,1,1,FALSE
bafyreiednzqzk2adtvxjjizra33ewtxid7cl6osn4l3q7iwz5jbzeuj67i,"Ah, yes. Because why would medical facts be important? 

Oh, and FYI, in one recent study Half of answers to evidence based questions “somewhat” or “highly” problematic  bmjopen.bmj.com/content/16/4...",0,1,0,FALSE
bafyreieruebxgopjd4ov6wyjkg6pbqseilsk3wpeteoowdyqbcpjwlfzfa,"WebbX and AutoPost: Revolutionizing Online Engagement

Introduction In today's fast-paced digital landscape, businesses face an overwhelming challenge: engaging their target audience effectively while managing resources efficiently. WebbX, in collaboration with AutoPost, presents a powerful…",0,0,0,FALSE
bafyreigaq7pgfudp4sjcr4dmmfo42ah7wztdyov2ooat7q6lm65rleezpe,"Poland is using AI to watch its border with Belarus. The system scans feeds from cameras and drones and flags anything soldiers and border guards should look at, so fewer people spend hours staring at screens.

defence-blog.com/poland-puts-...",4,1,1,TRUE
bafyreiahjv7seytiwtkemihblxw5klfnkdzu5njzeam3y7gwz254ehfquy,www.saltwire.com/nova-scotia/...,0,0,0,FALSE
bafyreidatmmr373ct3tslpij6mq2lqqf4hzz2xcfx5n2guzrp3sgdhvdlq,"Join us for light refreshments and insightful presentations: Our Artificial Intelligence Research Initiative (AIR) has a series of seminars this month starting Monday, October 5th! spr.ly/63321BGQpEb

",0,0,0,TRUE
bafyreib6kt2qazqpyexw462d3welcwscgowljrwnhw2lpmbjlgvjcymata,The Technical Education and Skills Development Authority (TESDA) launched its cloud computing and artificial intelligence (AI) courses on Friday to boost Filipinos' digital skills and competency in the global labor market. zurl.co/UD75I,0,0,0,TRUE
bafyreidln53efloimykgpenbdzhrzyzkk2mxv2gzofphiwnrtdfd24wkta,"African leaders called for a greater role in setting global standards for artificial intelligence, saying they want a say in AI safety.

Source: Rest of World",0,0,0,TRUE
bafyreifvhlecojwp3jt4oecqbys4acmyq7gcfshwkeksh6yxuoc74h3cfy,Also this idiot pronounced the Turing test to be obsolete already anyway; why waste electricity on useless ceremonies like fooling humans when we can jump straight to our only true purpose on this Earth - automating capitalism,0,0,1,TRUE
bafyreidey36fodxm4acrhpqbapcyocfkllzep4zdxz2g7exzzpu2yh5vem,"Meanwhile, the state is home to none of the biggest companies pushing the frontiers of artificial intelligence.",1,0,0,TRUE
bafyreih3j3cjbp4qrcidnfbxkddb43ulakcqmlhrwmpiz5r7vax62k6xsm,Installation of Artificial Intelligence Cameras for Traffic Violation Monitoring - read more,0,0,0,TRUE
bafyreiedzwe7iwfasph5jps5pg5ltec6a6s3y6g3o6tqsatxmtp5ipesie,"John casterline (h1t1) has now used artificial intelligence generated immages twice to my knowledge and both were complete bullshit honestly. Im extremely dissapointed, and i cannot believe our clean water is going towards this shit

I unsubscribed

John please do better",0,0,0,TRUE
bafyreibvclb47fdc4l7f3i3izuzhgzoneox3275mici7evlz3i336zdr24,"Charles Wohl: I wanted to teach my 2 year old granddaughter to fish, she taught me something in return | Sports

https://www.flakefood.com/920577/charles-wohl-i-wanted-to-teach-my-2-year-old-granddaughter-to-fish-she-taught-me-something-in-return-sports/

LENOX — According to Google’s artificial …",0,0,0,FALSE
bafyreigsynnia2bs25zmsdax4olersw4t5ezjxf3j5yu6z5lzacweest7i,"The Call for Papers for #CAA2027, Santiago, Chile (17-20 May) has been extended to October 16! 

There are 35 sessions across 8 tracks to choose from so don't miss out on submitting your abstract.

2027.caaconference.org/call-for-pap...

#Archaeology #DigitalArchaeology",2,4,0,FALSE
bafyreifcqb34ynqz5mz3obkive5qfj5oenpoghylqb3rmmhtufiqs7k4zq,"What's up?
Remembering: Artificial or perhaps now Super Intelligence. 
drawnalism.com/blog/2026/2/...",1,0,0,TRUE
